-- phpMyAdmin SQL Dump
-- version 5.0.2
-- https://www.phpmyadmin.net/
--
-- Máy chủ: 127.0.0.1
-- Thời gian đã tạo: Th5 11, 2020 lúc 12:27 PM
-- Phiên bản máy phục vụ: 10.4.11-MariaDB
-- Phiên bản PHP: 7.4.4

SET SQL_MODE = "NO_AUTO_VALUE_ON_ZERO";
START TRANSACTION;
SET time_zone = "+00:00";


/*!40101 SET @OLD_CHARACTER_SET_CLIENT=@@CHARACTER_SET_CLIENT */;
/*!40101 SET @OLD_CHARACTER_SET_RESULTS=@@CHARACTER_SET_RESULTS */;
/*!40101 SET @OLD_COLLATION_CONNECTION=@@COLLATION_CONNECTION */;
/*!40101 SET NAMES utf8mb4 */;

--
-- Cơ sở dữ liệu: `prj1`
--

-- --------------------------------------------------------

--
-- Cấu trúc bảng cho bảng `admin`
--

CREATE TABLE `admin` (
  `ma_admin` int(11) NOT NULL,
  `tai_khoan` varchar(50) DEFAULT NULL,
  `mat_khau` varchar(100) DEFAULT NULL,
  `ten_admin` varchar(100) DEFAULT NULL,
  `email` varchar(100) NOT NULL,
  `sdt` char(20) DEFAULT NULL,
  `dia_chi` text DEFAULT NULL,
  `gioi_tinh` tinyint(1) DEFAULT NULL
) ENGINE=InnoDB DEFAULT CHARSET=utf8;

--
-- Đang đổ dữ liệu cho bảng `admin`
--

INSERT INTO `admin` (`ma_admin`, `tai_khoan`, `mat_khau`, `ten_admin`, `email`, `sdt`, `dia_chi`, `gioi_tinh`) VALUES
(1, 'Kim Jong-hyun ', '78c17b883dd517e9d93ae74fff171309', 'Nguyễn Đức Anh', 'kelvinanh69@gmail.com', '0332618488', 'Hà Đông', 1);

-- --------------------------------------------------------

--
-- Cấu trúc bảng cho bảng `banner`
--

CREATE TABLE `banner` (
  `ma_anh_bia` int(11) NOT NULL,
  `ten_anh_bia` varchar(100) DEFAULT NULL,
  `mau` varchar(50) NOT NULL,
  `anh_bia` varchar(200) DEFAULT NULL,
  `noi_dung` text DEFAULT NULL,
  `ngay_dang` date NOT NULL
) ENGINE=InnoDB DEFAULT CHARSET=utf8;

--
-- Đang đổ dữ liệu cho bảng `banner`
--

INSERT INTO `banner` (`ma_anh_bia`, `ten_anh_bia`, `mau`, `anh_bia`, `noi_dung`, `ngay_dang`) VALUES
(1, 'Classic', 'White', 'Nike classic.jpg', 'Nike Classic mang phong cách giản <span></span> dị tạo cảm gần gũi và quen thuộc', '2020-05-03'),
(2, 'Metallic', 'Dark & Blue', 'Geo Metallic.jpg', 'Geo Matallic thuộc hãng New Balance mang kiểu dáng khỏe khoắn, màu xanh đậm sẽ tạo cảm giác thoải mái.\r\n', '2020-05-03'),
(3, 'Originals', 'Black & Blue', 'Adidas Originals.jpg', 'Adidas Originals mang hơi hướng hiện đại,\r\nchất liệu hàng đầu Mỹ, giúp người đi cảm giác dễ chịu và thoải mái.', '2020-05-03'),
(4, 'Skools', 'Black & White', 'Vans old skool.jpg', 'Vans Old Skool 36 mang thiên hướng cổ điển với miếng lót giầy được kết hợp với đệm lót UltraCush mang lại sự thoải mái & êm ái cho đôi chân', '2020-05-03'),
(5, 'Puma', 'White', 'Puma Fenty.jpg', 'Puma Fenty mang màu sắc sáng bóng khiến người đi cảm giác mới lạ.', '2020-05-03'),
(6, 'Chuck', 'Black & White ', 'Chuck Taylor.jpg', '<p>Chuck Taylor mang đậm phong c&aacute;ch cổ điển với phối sắc giữa 2 m&agrave;u trắng &amp; đen bắt mắt hiến sản phẩm trở n&ecirc;n Hot trong thời gian gần đ&acirc;y.</p>\r\n', '2020-05-04');

-- --------------------------------------------------------

--
-- Cấu trúc bảng cho bảng `danh_muc`
--

CREATE TABLE `danh_muc` (
  `ma_danh_muc` int(11) NOT NULL,
  `ten_danh_muc` varchar(100) DEFAULT NULL
) ENGINE=InnoDB DEFAULT CHARSET=utf8;

--
-- Đang đổ dữ liệu cho bảng `danh_muc`
--

INSERT INTO `danh_muc` (`ma_danh_muc`, `ten_danh_muc`) VALUES
(1, 'Nam'),
(2, 'Nữ');

-- --------------------------------------------------------

--
-- Cấu trúc bảng cho bảng `hang`
--

CREATE TABLE `hang` (
  `ma_hang` int(11) NOT NULL,
  `ten_hang` varchar(100) DEFAULT NULL
) ENGINE=InnoDB DEFAULT CHARSET=utf8;

--
-- Đang đổ dữ liệu cho bảng `hang`
--

INSERT INTO `hang` (`ma_hang`, `ten_hang`) VALUES
(1, 'New Balance'),
(2, 'Nike'),
(3, 'Adidas'),
(4, 'Vans'),
(5, 'Puma'),
(6, 'Converse');

-- --------------------------------------------------------

--
-- Cấu trúc bảng cho bảng `hoa_don`
--

CREATE TABLE `hoa_don` (
  `ma_hoa_don` int(11) NOT NULL,
  `ma_khach_hang` int(11) DEFAULT NULL,
  `ten_nguoi_nhan` varchar(200) DEFAULT NULL,
  `sdt_nguoi_nhan` char(20) DEFAULT NULL,
  `tinh_thanh_pho` int(11) NOT NULL,
  `dia_chi_nguoi_nhan` text DEFAULT NULL,
  `noi_dung` text NOT NULL,
  `email` varchar(100) DEFAULT NULL,
  `tinh_trang` int(11) DEFAULT 1,
  `thoi_gian_mua` datetime DEFAULT current_timestamp(),
  `tong_tien` int(11) DEFAULT NULL
) ENGINE=InnoDB DEFAULT CHARSET=utf8;

--
-- Đang đổ dữ liệu cho bảng `hoa_don`
--

INSERT INTO `hoa_don` (`ma_hoa_don`, `ma_khach_hang`, `ten_nguoi_nhan`, `sdt_nguoi_nhan`, `tinh_thanh_pho`, `dia_chi_nguoi_nhan`, `noi_dung`, `email`, `tinh_trang`, `thoi_gian_mua`, `tong_tien`) VALUES
(1, 1, 'Nguyễn Đức Anh', '0332618488', 1, 'Mộ Lao, Hà Đông, Hà Nội', 'Mặt hàng này tốt hen!!', 'kelvinanh69@gmail.com', 1, '2020-05-05 14:41:55', 16623000),
(2, 1, 'Vinh', '0332618488', 1, 'Mộ Lao, Hà Đông, Hà Nội', 'fu$$', 'kelvinanh69@gmail.com', 2, '2020-05-09 14:45:50', 2147483647);

-- --------------------------------------------------------

--
-- Cấu trúc bảng cho bảng `hoa_don_chi_tiet`
--

CREATE TABLE `hoa_don_chi_tiet` (
  `ma_hoa_don` int(11) NOT NULL,
  `ma_san_pham` int(11) NOT NULL,
  `gia` float DEFAULT NULL,
  `so_luong` int(11) DEFAULT NULL
) ENGINE=InnoDB DEFAULT CHARSET=utf8;

--
-- Đang đổ dữ liệu cho bảng `hoa_don_chi_tiet`
--

INSERT INTO `hoa_don_chi_tiet` (`ma_hoa_don`, `ma_san_pham`, `gia`, `so_luong`) VALUES
(1, 1, 3324600, 5),
(2, 3, 3141000, 1);

-- --------------------------------------------------------

--
-- Cấu trúc bảng cho bảng `khach_hang`
--

CREATE TABLE `khach_hang` (
  `ma_khach_hang` int(11) NOT NULL,
  `ten_tai_khoan` varchar(255) DEFAULT NULL,
  `ten_khach_hang` varchar(255) DEFAULT NULL,
  `sdt` char(20) DEFAULT NULL,
  `dia_chi` text DEFAULT NULL,
  `gioi_tinh` tinyint(1) DEFAULT NULL,
  `email` varchar(100) DEFAULT NULL,
  `mat_khau` varchar(100) DEFAULT NULL,
  `tinh_trang` tinyint(1) DEFAULT 0
) ENGINE=InnoDB DEFAULT CHARSET=utf8;

--
-- Đang đổ dữ liệu cho bảng `khach_hang`
--

INSERT INTO `khach_hang` (`ma_khach_hang`, `ten_tai_khoan`, `ten_khach_hang`, `sdt`, `dia_chi`, `gioi_tinh`, `email`, `mat_khau`, `tinh_trang`) VALUES
(1, 'Jungkook', 'Nguyễn Đức Anh', '0332618488', 'Hà Đông', 1, 'kelvinanh69@gmail.com', '25f9e794323b453885f5181f1b624d0b', 0),
(2, 'Vinh', 'Lê Quang Vinh', '0165164864', 'Hà Nội', 1, 'vinhle145@gmail.com', '25f9e794323b453885f5181f1b624d0b', 0);

-- --------------------------------------------------------

--
-- Cấu trúc bảng cho bảng `loai_san_pham`
--

CREATE TABLE `loai_san_pham` (
  `ma_loai_san_pham` int(11) NOT NULL,
  `ten_loai_san_pham` varchar(100) DEFAULT NULL
) ENGINE=InnoDB DEFAULT CHARSET=utf8;

--
-- Đang đổ dữ liệu cho bảng `loai_san_pham`
--

INSERT INTO `loai_san_pham` (`ma_loai_san_pham`, `ten_loai_san_pham`) VALUES
(1, 'Air Max'),
(2, 'Air Force 1'),
(3, 'Air Zoom '),
(4, 'Air Jordan 1'),
(5, 'Ultra Boost'),
(6, 'Alphabounce'),
(7, 'Stan Smith'),
(8, 'Yeezy'),
(9, 'Old Skool'),
(10, 'SK8-Hi'),
(11, 'Smash'),
(12, 'Muse X'),
(13, 'Jack Purcell'),
(14, 'Chuck Taylor '),
(15, 'New Balance');

-- --------------------------------------------------------

--
-- Cấu trúc bảng cho bảng `san_pham`
--

CREATE TABLE `san_pham` (
  `ma_san_pham` int(11) NOT NULL,
  `ten_san_pham` varchar(100) DEFAULT NULL,
  `anh` varchar(200) DEFAULT NULL,
  `gia` float DEFAULT NULL,
  `sales` float DEFAULT NULL,
  `mo_ta` text DEFAULT NULL,
  `noi_dung` text DEFAULT NULL,
  `tinh_trang` tinyint(1) DEFAULT NULL,
  `ma_size` int(11) DEFAULT NULL,
  `ma_hang` int(11) DEFAULT NULL,
  `ma_loai_san_pham` int(11) DEFAULT NULL,
  `ma_danh_muc` int(11) DEFAULT NULL
) ENGINE=InnoDB DEFAULT CHARSET=utf8;

--
-- Đang đổ dữ liệu cho bảng `san_pham`
--

INSERT INTO `san_pham` (`ma_san_pham`, `ten_san_pham`, `anh`, `gia`, `sales`, `mo_ta`, `noi_dung`, `tinh_trang`, `ma_size`, `ma_hang`, `ma_loai_san_pham`, `ma_danh_muc`) VALUES
(1, 'Giày Nike Air Zoom Pegasus 33 - Xám', 'Nike-Air-Zoom-Pegasus-33-Xam.jpg', 3694000, 0.1, 'Giày Nike Air Zoom Pegasus 33 có lẽ là siêu phẩm giày chạy bộ được chờ đợt nhất năm 2019, Nike đã tích hợp những công nghệ tiên tiến nhất của hãng để tạo nên một trong những mẫu giày tốt nhất thế giới mà bạn không thể bỏ qua.', '<p>- Phần Upper được Nike sử dụng sợi Flywire gi&uacute;p &ocirc;m s&aacute;t b&agrave;n ch&acirc;n v&agrave; vải lưới Mesh đảm bảo đ&ocirc;i ch&acirc;n lu&ocirc;n tho&aacute;ng m&aacute;t khi di chuyển.</p>\r\n\r\n<p>- Phần&nbsp;MIDSOLE với đệm Cushlon với c&ocirc;ng nghệ Nike Air Zoom trứ danh, thu hồi v&agrave; phản lực l&ecirc;n ch&acirc;n gi&uacute;p bạn di chuyển nhanh v&agrave; tiết kiệm tối đa năng lượng.&nbsp;</p>\r\n\r\n<p>- Phần&nbsp;OUTSOLE với đế cao su dạng họa tiết&nbsp;waffle cho độ b&aacute;m v&agrave; độ bền cực tốt.</p>\r\n\r\n<p>- Phần g&oacute;t gi&agrave;y&nbsp;Nike Air Zoom Pegasus 33 được trang bị sợ phản quang gi&uacute;p bảo đảm an to&agrave;n khi sử dụng trong đ&ecirc;m tối.</p>\r\n\r\n<p>T&oacute;m lại, Nike Air Zoom Pegasus 33 l&agrave; đ&ocirc;i gi&agrave;y l&yacute; tưởng để cải thiện th&agrave;nh t&iacute;ch chạy bộ trong luyện tập v&agrave; thi đấu. Ngo&agrave;i ra, đ&acirc;y c&ograve;n l&agrave; một mẫu gi&agrave;y c&oacute; thiết kế cực kỳ đẹp v&agrave; thời trang gi&uacute;p bạn tự tin sải bước.&nbsp;</p>\r\n\r\n<p>&nbsp;</p>\r\n\r\n<p><img src=\"https://myshoes.vn/image/data/product6/pegasus33/giay-NIKE-AIR-ZOOM-PEGASUS-33-831352_004-01.jpg\" /> <img src=\"https://myshoes.vn/image/data/product6/pegasus33/giay-NIKE-AIR-ZOOM-PEGASUS-33-831352_004-04.jpg\" /> <img src=\"https://myshoes.vn/image/data/product6/pegasus33/giay-NIKE-AIR-ZOOM-PEGASUS-33-831352_004-05.jpg\" /> <img src=\"https://myshoes.vn/image/data/product6/pegasus33/giay-NIKE-AIR-ZOOM-PEGASUS-33-831352_004-06.jpg\" /></p>\r\n\r\n<p>&nbsp;</p>\r\n', 1, 7, 2, 3, 1),
(2, 'Giày Nike Air Max 720 Nam - Xám Cam', 'Nike-Air-Max-720-Nam.jpg', 5279000, 0.2, 'Giày Nike Air Max 720 là đôi giày thời trang cho nam có vẻ ngoài ấn tượng và cá tính, sự độc đáo và sáng tạo của nó được tạo nên bởi những nhà thiết kế tài ba của Nike.', '<p>Đ&ocirc;i gi&agrave;y Nike n&agrave;y được lấy cảm hứng từ hai mẫu thiết kế biểu tượng l&agrave; Air Max 180 v&agrave; Air Max 93, Air Max 270. Mẫu gi&agrave;y với bộ đế Air Max lớn nhất từ trước đến n&agrave;y khiến cho đ&ocirc;i gi&agrave;y trở l&ecirc;n cực kỳ &ecirc;m &aacute;i v&agrave; v&ocirc; c&ugrave;ng ấn tượng.</p>\r\n\r\n<p>Một mẫu gi&agrave;y Nike đặc biệt m&agrave; bất cứ ai cũng kh&ocirc;ng thể rời mắt khi nh&igrave;n thấy n&oacute;!</p>\r\n<br />\r\n<p><img src=\"https://myshoes.vn/image/data/product/nike/2020/giay-nike-air-max-720-nam-xam-cam-01.jpg\" /> <img src=\"https://myshoes.vn/image/data/product/nike/2020/giay-nike-air-max-720-nam-xam-cam-02.jpg\" /> <img src=\"https://myshoes.vn/image/data/product/nike/2020/giay-nike-air-max-720-nam-xam-cam-03.jpg\" /> <img src=\"https://myshoes.vn/image/data/product/nike/2020/giay-nike-air-max-720-nam-xam-cam-04.jpg\" /></p>\r\n', 1, 6, 2, 1, 1),
(3, 'Giày Nike Air Zoom Pegasus 36 Nam - Đen Xám', 'nike-air-zoom-pegasus-36-black.jpg', 3490000, 0.1, 'Giày Nike Air Zoom Pegasus 36 là mẫu giày phiên bản thứ 36 của dòng giày huyền thoại Nike Air Zoom Pegasus, đã có truyền thống từ năm 1983. Đến nay các nhà sản xuất của Nike đã cải tiến, nâng cấp những công nghệ và cho ra đời siêu phẩm 2019 Nike Air Zoom Pegasus 36.', '<p>Đầu ti&ecirc;n khi nh&igrave;n v&agrave;o Nike Air Zoom Pegasus 36 ch&uacute;ng ta c&oacute; thể thấy ở phi&ecirc;n bản mới n&agrave;y được thừa hưởng kiểu d&aacute;ng thiết kế từ người anh Pegasus 35. Song c&aacute;c c&ocirc;ng nghệ đ&atilde; được n&acirc;ng cấp l&ecirc;n một tầm cao mới.</p>\r\n\r\n<p>-Phần MIDSOLE với c&ocirc;ng nghệ FULL-LENGTH ZOOM AIR trang bị cho đ&ocirc;i gi&agrave;y một lớp đệm cao su.</p>\r\n\r\n<p>-Phần Upper được Nike sử dụng c&ocirc;ng nghệ Flywire gi&uacute;p cố định được form gi&agrave;y.</p>\r\n\r\n<p>-phần OUTSOLE sử dụng đế cao su định h&igrave;nh v&agrave; c&ocirc;ng nghệ chống m&agrave;i m&ograve;n ti&ecirc;n tiến nhất tiếp tục nhận được sự tin tưởng.</p>\r\n\r\n<p><br />\r\n<img src=\"https://myshoes.vn/image/data/nike%202019/7.6.19/giay-nike-air-zoom-pegasus-36-nam-den-xam-02.jpg\" /> <img src=\"https://myshoes.vn/image/data/nike%202019/7.6.19/giay-nike-air-zoom-pegasus-36-nam-den-xam-04.jpg\" /> <img src=\"https://myshoes.vn/image/data/nike%202019/7.6.19/giay-nike-air-zoom-pegasus-36-nam-den-xam-03.jpg\" /> <img src=\"https://myshoes.vn/image/data/nike%202019/7.6.19/giay-nike-air-zoom-pegasus-36-nam-den-xam-05.jpg\" /></p>\r\n', 1, 3, 2, 3, 1),
(4, 'Giày Nike Air Zoom 22 Nam - Xám Tím', 'nike-air-zoom-structure-22-nam-xam-tim.jpg', 3490000, 0.1, 'Giày Nike Air Zoom Structure 22 là mẫu giày được nâng cấp rất nhiều so với phiên bản trước đó: nhẹ hơn, khỏe khoắn hơn, mang lại trải nghiệm tuyệt vời cho người dùng.', '<p>Một lần nữa c&ocirc;ng nghệ lưới Flymesh lại được Nike sử dụng cho phi&ecirc;n bản Structure 22 n&agrave;y, n&oacute; sẽ đem lại cảm gi&aacute;c kh&ocirc; tho&aacute;ng khi vận động. Ngo&agrave;i ra với sợi c&aacute;p&nbsp; Flywire v&agrave; c&ocirc;ng nghệ Dynamic Fit &ocirc;m s&aacute;t v&agrave; cố định b&agrave;n ch&acirc;n.Đế của Nike Air Zoom Structure 22 được kết hợp hai loại hạt Foam kh&aacute;c nhau tạo cảm gi&aacute;c chắn chắn b&ecirc;n ngo&agrave;i, mềm mại ở b&ecirc;n trong.Được n&acirc;ng cấp ho&agrave;n chỉnh hơn so với phi&ecirc;n bản tiền nhiệm - Nike Air Zoom Structure 22 sẽ l&agrave; mẫu gi&agrave;y th&iacute;ch hợp cho việc tập thể thao lẫn sử dụng h&agrave;ng ng&agrave;y.</p>\r\n\r\n<p><br />\r\n<img src=\"https://myshoes.vn/image/data/nike%202019/7.6.19/giay-nike-air-zoom-structure-22-nam-xam-tim-02.jpg\" /> <img src=\"https://myshoes.vn/image/data/nike%202019/7.6.19/giay-nike-air-zoom-structure-22-nam-xam-tim-04.jpg\" /> <img src=\"https://myshoes.vn/image/data/nike%202019/7.6.19/giay-nike-air-zoom-structure-22-nam-xam-tim-03.jpg\" /> <img src=\"https://myshoes.vn/image/data/nike%202019/7.6.19/giay-nike-air-zoom-structure-22-nam-xam-tim-05.jpg\" /></p>\r\n', 1, 5, 2, 3, 1),
(5, 'Giày Air Nike Zoom Alpha Nam - Đen', 'nike-zoom-alpha-nam-den-trang.jpg', 4030000, 0.2, 'Nike Air Zoom Alpha- một mẫu giày mới toanh được các nhà sản xuất Nike trình làng. Với lối thiết kế, được lấy cảm hứng từ những năm thập niên 90.', '<p>Phần Upper, được sử dụng vải Mesh nổi bật tr&ecirc;n nền da trắng. C&ocirc;ng nghệ đế Zoom xịn x&ograve; gi&uacute;p n&acirc;ng niu b&agrave;n ch&acirc;n của người sử dụng. Form d&aacute;ng gần giống với kiểu Chunky Sneaker nhưng được uốn lượn tinh tế hơn rất nhiều. Đ&acirc;y chắc chắn, sẽ l&agrave; mẫu gi&agrave;y gi&uacute;p bạn tỏa s&aacute;ng c&ugrave;ng với c&aacute;c bộ Outfit.</p>\r\n\r\n<p><br />\r\n<img src=\"https://myshoes.vn/image/data/nike%202019/7.6.19/giay-nike-zoom-alpha-nam-den-trang-02.jpg\" /> <img src=\"https://myshoes.vn/image/data/nike%202019/7.6.19/giay-nike-zoom-alpha-nam-den-trang-04.jpg\" /> <img src=\"https://myshoes.vn/image/data/nike%202019/7.6.19/giay-nike-zoom-alpha-nam-den-trang-03.jpg\" /> <img src=\"https://myshoes.vn/image/data/nike%202019/7.6.19/giay-nike-zoom-alpha-nam-den-trang-05.jpg\" /></p>\r\n', 1, 4, 2, 3, 1),
(6, ' Giày Nike Air Zoom Rival Fly Nam - Xanh Bạc', 'nike-zoom-rival-fly-nam-xanh-bac.jpg', 2649000, 0.1, 'Nike Zoom Rival Fly cuối cùng có mặt tại project.com. Đôi giày được các nhà sản xuất ưu ái lựa chọn cho rất nhiều công nghệ tân tiến, hiện đâị nhất!', '<p>Về mặt kiểu d&aacute;ng th&igrave; Nike Zoom Rival Fly được thừa hưởng từ c&aacute;c đ&agrave;n anh đi trước như Vomero 14 hay Pegasus 36 .Với thiết kế gọn nhẹ nhưng vẫn kh&ocirc;ng mất đi sự khỏe khoắn vốn c&oacute; của Nike. Phần Upper, ph&iacute;a tr&ecirc;n được thiết kế mỏng với chất liệu vải Mesh gi&uacute;p bạn thoải m&aacute;i vận động m&agrave; kh&ocirc;ng lo t&igrave;nh trạng b&agrave;n ch&acirc;n bị b&iacute; b&aacute;ch hay kh&oacute; chịu.Phần đế l&agrave; c&ocirc;ng nghệ Full Lenght Zoom Air sẽ hỗ trợ sức lực của người sử dụng đến mức tối đa, nhẹ v&agrave; thoải m&aacute;i giống như đang bay , đ&uacute;ng như t&ecirc;n gọi của n&oacute; Nike Zoom Rival Fly.</p>\r\n\r\n<p><br />\r\n<img src=\"https://myshoes.vn/image/data/nike%202019/7.6.19/giay-nike-zoom-rival-fly-nam-xanh-bac-03.jpg\" /> <img src=\"https://myshoes.vn/image/data/nike%202019/7.6.19/giay-nike-zoom-rival-fly-nam-xanh-bac-05.jpg\" /> <img src=\"https://myshoes.vn/image/data/nike%202019/7.6.19/giay-nike-zoom-rival-fly-nam-xanh-bac-04.jpg\" /> <img src=\"https://myshoes.vn/image/data/nike%202019/7.6.19/giay-nike-zoom-rival-fly-nam-xanh-bac-02.jpg\" /></p>\r\n', 1, 6, 2, 3, 1),
(7, 'Giày Nike Zoom Winflo 6 Nữ - Trắng Xanh ', 'nike-zoom-winflo-6-nu-xanh.jpg', 3490000, 0.1, 'Giày Nike Zoom Winflo 6 Nữ- Trắng Xanh là mẫu giày mang thiên hướng hiện đại, màu sắc trắng pha nhẹ xanh mang cảm giác trang nhã, quý phái.', '<p>Sử dụng chất liệu vải lưới mesh c&ugrave;ng c&aacute;c d&acirc;y Flywire tr&ecirc;n upper, đ&ocirc;i gi&agrave;y c&oacute; trọng lượng nhẹ, tho&aacute;ng kh&iacute; v&agrave; vừa vặn với b&agrave;n ch&acirc;n. G&oacute;t gi&agrave;y c&oacute; đơn vị Air Zoom mang lại một bộ đệm tuyệt vời. Đế gi&agrave;y mềm v&agrave; linh hoạt với đế ngo&agrave;i cao su Waffle bền bỉ, c&aacute;c r&atilde;nh v&agrave; v&acirc;n đế ngo&agrave;i c&oacute; ma s&aacute;t cao gi&uacute;p ph&aacute;i Nam vững v&agrave;ng với mọi c&uacute; tiếp đất. Kiểu d&aacute;ng thời trang, m&agrave;u sắc trang nh&atilde;, Nam t&iacute;nh, gi&agrave;y Nike Zoom Winflo 6 chắc chắn l&agrave; một sự lựa chọn tuyệt vời.</p>\r\n\r\n<p><br />\r\n<img src=\"https://myshoes.vn/image/data/nike%202019/7.6.19/giay-nike-zoom-winflo-6-nu-xanh-mint-02.jpg\" /> <img src=\"https://myshoes.vn/image/data/nike%202019/7.6.19/giay-nike-zoom-winflo-6-nu-xanh-mint-04.jpg\" /> <img src=\"https://myshoes.vn/image/data/nike%202019/7.6.19/giay-nike-zoom-winflo-6-nu-xanh-mint-03.jpg\" /> <img src=\"https://myshoes.vn/image/data/nike%202019/7.6.19/giay-nike-zoom-winflo-6-nu-xanh-mint-05.jpg\" /></p>\r\n', 1, 4, 2, 3, 2),
(8, 'Giày Nike Air Zoom Pegasus 35 Nữ - Xám', 'nike-air-zoom-pegasus-35-nu.jpg', 3390000, 0.1, 'Giày Nike Air Zoom Nữ Pegasus 35 siêu phẩm giày thể thao được chờ đợi nhất năm 2018 đã chính thức ra mắt. Nike Air Zoom Pegasus 35 với thiết kế cực kỳ độc đáo và áp dụng những công nghệ tiến bộ nhất thế giới, chắc chắn đây sẽ là mẫu giày không thể bỏ qua của bất cứ ai.', '\r\n<p>- Phần MIDSOLE với công nghệ FULL-LENGTH ZOOM AIR đây thật sự là một sự đột phá của Nike Air Zoom Pegasus 35 giúp cho tăng độ đàn hồi giày lên mức tối đa và tiết kiệm tối đa sức lực trên mỗi bước chạy</p>\r\n<p>- Phần UPPER của Air Zoom Pegasus 35, Nike đã thiết kế lại hoàn toàn mới với vải mesh liền mạch giúp cho chân luôn thông thoáng và dễ chịu dù ở bất cứ môi trường nào, thích hợp với cả thời tiết nóng ẩm ở Việt Nam.</p>\r\n<p>- Phần OUTSOLE, Nike trang bị cho Giày Nike Air Zoom Pegasus 35 bộ đế ngoài cùng với cao su định hình và công nghệ chống mài mòn tiên tiến nhất, giúp tăng khả chống trơn trượt và giúp cho các vận động viên có thể chạy với vận tốc cao nhất mà không lo lắng về các chấn thương.</p>\r\n<p>Tóm lại: Giày Nike Air Zoom Pegasus 35 là mẫu giày thể thao có thể dùng để đi hàng ngày hay chạy bộ, từ người mới bắt đầu cho cả vận động viên chuyên nghiệp nhất.</p>\r\n<br />\r\n<img src=\"https://myshoes.vn/image/data/nike%202019/7.6.19/giay-nike-air-zoom-pegasus-35-nu-xam-02.jpg\" />\r\n<img src=\"https://myshoes.vn/image/data/nike%202019/7.6.19/giay-nike-air-zoom-pegasus-35-nu-xam-05.jpg\" />\r\n<img src=\"https://myshoes.vn/image/data/nike%202019/7.6.19/giay-nike-air-zoom-pegasus-35-nu-xam-04.jpg\" />\r\n<img src=\"https://myshoes.vn/image/data/nike%202019/7.6.19/giay-nike-air-zoom-pegasus-35-nu-xam-03.jpg\" />', 1, 5, 2, 3, 2),
(9, 'Giày Nike Air Max Dia Nữ - Hồng Đỏ', 'nike-air-max-dia-nu-hong-do.jpg', 3380000, 0.1, 'Giày Nike Air Max Dia Nữ - Hồng Đỏ với lối thiết kế thu gọn mang thiên hướng hiện đại.', '<p>Một mẫu giày mà có thể chiều lòng được chị em vừa có thể tập thể thao vừa có thể kết hợp trở thành đôi giày thời trang hàng ngày. Với lối thiết kế thon gọn, nhẹ nhàng, tinh tế. Đồng thời, công nghệ đế Air Max giúp bàn chân được êm ái, thoải mái, giảm chấn thương trong quá trình sử dụng. Nike Air Max Dia - chắc chắn là mẫu giày mà bạn nên có trong BST giày của bản thân.</p>\r\n<br />\r\n<img src=\"https://myshoes.vn/image/data/nike%202019/th%C3%A1ng%206/giay-nike-air-max-dia-nu-hong-do-01.jpg\" />\r\n<img src=\"https://myshoes.vn/image/data/nike%202019/th%C3%A1ng%206/giay-nike-air-max-dia-nu-hong-do-04.jpg\" />\r\n<img src=\"https://myshoes.vn/image/data/nike%202019/th%C3%A1ng%206/giay-nike-air-max-dia-nu-hong-do-03.jpg\" />\r\n<img src=\"https://myshoes.vn/image/data/nike%202019/th%C3%A1ng%206/giay-nike-air-max-dia-nu-hong-do-05.jpg\" />', 1, 3, 2, 1, 2),
(10, 'Giày Nike Air Zoom Odyssey 2 Nữ - Xanh', 'nike-air-zoom-odyssey-2-nam-xanh.jpg', 5060000, 0.2, 'Giày Nike Air Zoom Odyssey 2 là mẫu giày chạy ấn tượng được Nike tích hợp những công nghệ cao cấp giúp người đi cảm thấy thoải mái khi đi.', '<p>Gi&agrave;y Nike Air Zoom Odyssey 2 được trang bị đế giữa với 2 t&uacute;i kh&iacute; ở trước ch&acirc;n v&agrave; tại g&oacute;t, c&ugrave;ng với mật độ foam tăng gấp 3 lần đem đến độ đ&agrave;n hồi v&agrave; &ecirc;m &aacute;i l&yacute; tưởng.</p>\r\n\r\n<p><br />\r\n<img src=\"https://myshoes.vn/image/data/product10/9.11.17(2)/giay-nike-air-zoom-odyssey-2-nam-xanh-ngoc-01.jpg\" /> <img src=\"https://myshoes.vn/image/data/product10/9.11.17(2)/giay-nike-air-zoom-odyssey-2-nam-xanh-ngoc-03.jpg\" /> <img src=\"https://myshoes.vn/image/data/product10/9.11.17(2)/giay-nike-air-zoom-odyssey-2-nam-xanh-ngoc-02.jpg\" /> <img src=\"https://myshoes.vn/image/data/product10/9.11.17(2)/giay-nike-air-zoom-odyssey-2-nam-xanh-ngoc-04.jpg\" /></p>\r\n', 1, 4, 2, 3, 2),
(12, 'Giày Nike Air Zoom Structure 20 Nữ - Xanh ', 'nike-air-zoom-structure-20-nu-xanh-bien.jpg', 3694000, 0.1, 'Giày Nike Air Zoom Structure 20 là mẫu giày chạy hàng ngày với sự hỗ trợ và đệm lực tin cậy cho mọi tín đồ chạy bộ.', '<p>Đ&ocirc;i gi&agrave;y sử dụng đế giữa mang c&ocirc;ng nghệ Dynamic Support với mật độ k&eacute;p l&otilde;i Phylon v&agrave; Cushlon, tăng cường đệm dưới ch&acirc;n đồng thời l&agrave;m giảm đ&aacute;ng kể khả năng b&agrave;n ch&acirc;n bị lật m&aacute; trong.Upper lưới được chế t&aacute;c linh hoạt v&agrave; th&iacute;ch ứng tốt với b&agrave;n ch&acirc;n, c&ugrave;ng c&ocirc;ng nghệ Flywire giữ b&agrave;n ch&acirc;n cực k&igrave; cố định. Ngo&agrave;i ra, gi&agrave;y Nike Air Zoom Structure 20 c&oacute; đế ngo&agrave;i v&acirc;n waffle cho độ bền v&agrave; độ b&aacute;m cao tr&ecirc;n đường chạy.</p>\r\n\r\n<p>Được thiết kế lại ho&agrave;n to&agrave;n từ mẫu tiền nhiệm - Structure 19, gi&agrave;y Nike Air Zoom Structure 20 được t&acirc;n trang v&agrave; x&acirc;y dựng để đ&aacute;p ứng mọi nhu cầu luyện tập chạy h&agrave;ng ng&agrave;y của bạn.</p>\r\n\r\n<p><br />\r\n<img src=\"https://tse4.mm.bing.net/th?id=OIP.j2k-ryirrO_GgDaP9vJ15QHaHa&amp;pid=Api&amp;P=0&amp;w=300&amp;h=300\" /></p>\r\n', 1, 4, 2, 3, 2),
(13, 'Giày Nike Air Zoom Winflo 6 - Hồng Đen', 'Nike-Air-Zoom-Winflo-6-Black Pink.jpg', 3190000, 0.3, 'Nike Air Zoom Winflo 6 Black Pink sở hữu kiểu dáng trẻ trung, năng động, cùng chất liệu cao cấp, bền bỉ hỗ trợ vận động tốt và định hình bàn chân.  ', '<p>Đặc điểm sản phẩm</p>\r\n\r\n<p>- Kiểu d&aacute;ng trẻ trung, năng động - Đường may tỉ mỉ, tinh tế - Chất liệu bền bỉ v&agrave; tho&aacute;ng kh&iacute; - Mang lại cảm gi&aacute;c thoải m&aacute;i, &ecirc;m &aacute;i khi vận động - M&agrave;u sắc hiện đại, c&aacute; t&iacute;nh khẳng định phong c&aacute;ch thời trang của bạn</p>\r\n\r\n<p><br />\r\n<img src=\"https://image.yes24.vn/Upload/catalogcontentbos2019/thethaochinhang/2(206).jpg\" /> <img src=\"https://image.yes24.vn/Upload/catalogcontentbos2019/thethaochinhang/1(216).jpg\" /> <img src=\"https://image.yes24.vn/Upload/catalogcontentbos2019/thethaochinhang/3(197).jpg\" /> <img src=\"https://image.yes24.vn/Upload/catalogcontentbos2019/thethaochinhang/4(203).jpg\" /></p>\r\n', 1, 4, 2, 3, 2),
(14, 'Giày Nike Air Max 2090 - Hồng Xanh', 'air-max-2090.jpg', 4109000, 0.2, 'Mang quá khứ vào tương lai với Nike Air Max 2090. Lấy cảm hứng từ chiếc Air Max 90 mang tính biểu tượng.', '<p>Nike Air Max 2090 c&oacute; đệm l&oacute;t Nike Air mang lại sự thoải m&aacute;i v&ocirc; song, trong khi lưới trong suốt ở ph&iacute;a tr&ecirc;n được pha trộn với c&aacute;c t&iacute;nh năng OG vượt thời gian cho sự hiện đại, sắc sảo</p>\r\n\r\n<p><br />\r\n<img src=\"https://static.nike.com/a/images/t_PDP_1728_v1/f_auto,b_rgb:f5f5f5/i1-e87cd81e-6ecf-4d0f-b73c-79d6d0df9560/air-max-2090-shoe-9HkncG.jpg\" /> <img src=\"https://static.nike.com/a/images/t_PDP_864_v1/f_auto,b_rgb:f5f5f5,q_80/i1-7c725804-f2c4-4e3a-be03-61a630d8f0fb/air-max-2090-shoe-9HkncG.jpg\" /> <img src=\"https://static.nike.com/a/images/t_PDP_864_v1/f_auto,b_rgb:f5f5f5,q_80/i1-b69f393f-eef2-4f54-b052-e4a444be8363/air-max-2090-shoe-9HkncG.jpg\" /> <img src=\"https://static.nike.com/a/images/t_PDP_864_v1/f_auto,b_rgb:f5f5f5,q_80/i1-6e9dd21d-09af-40e3-8866-98ebfb29eba9/air-max-2090-shoe-9HkncG.jpg\" /></p>\r\n', 1, 4, 2, 1, 2),
(15, 'Giày Nike Air Max 90 LTR - Pink White', 'air-max-90-ltr.jpg', 2549000, 0, 'Nike Air Max 90 LTR pha nhẹ chút thiên hướng cổ điển.', '<p>Nike Air Max 90 LTR kỷ niệm năm thứ 30 của biểu tượng với thiết kế ph&ugrave; hợp với trẻ em. Với Air cổ điển, đệm bọt v&agrave; đế mềm dẻo, tất cả l&agrave; về việc mang lại một thập ni&ecirc;n 90 cho thế hệ mới.</p>\r\n\r\n<p><br />\r\n<img src=\"https://static.nike.com/a/images/t_PDP_864_v1/f_auto,b_rgb:f5f5f5,q_80/72ac6133-c9b4-4248-9c54-212aa97d935d/air-max-90-ltr-older-shoe-9xnt2B.jpg\" /> <img src=\"https://static.nike.com/a/images/t_PDP_864_v1/f_auto,b_rgb:f5f5f5,q_80/a7c63274-deef-4c16-8867-5a914c22751d/air-max-90-ltr-older-shoe-9xnt2B.jpg\" /> <img src=\"https://static.nike.com/a/images/t_PDP_864_v1/f_auto,b_rgb:f5f5f5,q_80/f8e24f19-e4cb-4aef-8e21-edee6f0d467f/air-max-90-ltr-older-shoe-9xnt2B.jpg\" /> <img src=\"https://static.nike.com/a/images/t_PDP_864_v1/f_auto,b_rgb:f5f5f5,q_80/c659c79d-8b4e-45e6-bf21-f2cee5be1742/air-max-90-ltr-older-shoe-9xnt2B.jpg\" /></p>\r\n', 1, 5, 2, 1, 2),
(16, 'Giày Nike Air Max 90 Print - Red White', 'air-max-90-print-shoe.jpg', 4019000, 0.1, 'Nike Air Max 90 Print mang lại cho người đi cảm giác mới lạ, màu sắc đỏ tươi mang nét đặc sắc.', '<p>Gi&agrave;y nam Nike Air Max 90 Print giữ c&aacute;c đường n&eacute;t thiết kế cổ điển của phi&ecirc;n bản gốc 1990. N&oacute; c&oacute; cấu tr&uacute;c kết hợp v&agrave; hỗn hợp phong ph&uacute; của vật liệu v&agrave; m&agrave;u sắc.</p>\r\n\r\n<p><br />\r\n<img src=\"https://c.static-nike.com/a/images/t_PDP_864_v1/f_auto,b_rgb:f5f5f5,q_80/hzdfuy4pp7nx3deizsnn/air-max-90-print-shoe-MfTxRP.jpg\" /> <img src=\"https://c.static-nike.com/a/images/t_PDP_864_v1/f_auto,b_rgb:f5f5f5,q_80/y4vrmi9ssxvuw2mshbyi/air-max-90-print-shoe-MfTxRP.jpg\" /> <img src=\"https://c.static-nike.com/a/images/t_PDP_864_v1/f_auto,b_rgb:f5f5f5,q_80/d4rvh4b70jlqxuvfypyl/air-max-90-print-shoe-MfTxRP.jpg\" /> <img src=\"https://c.static-nike.com/a/images/t_PDP_864_v1/f_auto,b_rgb:f5f5f5,q_80/mpoth3orens6h2jbha78/air-max-90-print-shoe-MfTxRP.jpg\" /></p>\r\n', 1, 6, 2, 1, 1),
(17, 'Giày Nike Air Max Nam 200 - Red White', 'air-max-200.jpg', 3519000, 0.2, 'Nike Air Max Nam 200 mang lại cảm giác vô cùng mới lạ cho người \r\nđi.', '<p>Nike Air Max 200 tỏa ra sự m&aacute;t mẻ trong khi vẫn mang lại sự thoải m&aacute;i v&ocirc; c&ugrave;ng. Thiết kế của n&oacute; được lấy cảm hứng từ c&aacute;c m&ocirc; h&igrave;nh năng lượng tỏa ra từ tr&aacute;i đất, giống như d&ograve;ng dung nham v&agrave; s&oacute;ng nhịp nh&agrave;ng của đại dương</p>\r\n\r\n<p><br />\r\n<img src=\"https://static.nike.com/a/images/t_PDP_864_v1/f_auto,b_rgb:f5f5f5,q_80/batx4mz8dedxt4oz9nzl/air-max-200-shoe-prRmHX.jpg\" /> <img src=\"https://static.nike.com/a/images/t_PDP_864_v1/f_auto,b_rgb:f5f5f5,q_80/wpzufee0lzniefvjdfru/air-max-200-shoe-prRmHX.jpg\" /> <img src=\"https://static.nike.com/a/images/t_PDP_864_v1/f_auto,b_rgb:f5f5f5,q_80/dxel9titu0emuybyzakg/air-max-200-shoe-prRmHX.jpg\" /> <img src=\"https://static.nike.com/a/images/t_PDP_864_v1/f_auto,b_rgb:f5f5f5,q_80/bd2hjlmiq7sk0grgfvds/air-max-200-shoe-prRmHX.jpg\" /></p>\r\n', 1, 9, 2, 1, 1),
(18, 'Giày Nike Air Max Flyknit 3 - Black', 'air-vapormax-flyknit.jpg', 5869000, 0.2, 'Nike Air VaporMax Flyknit 3 lấy cảm hứng thời trang cao cấp giúp người đi cảm thấy dễ chịu và thoải mái.', '<p>Nổi bật v&agrave; bồng bềnh trong Nike Air VaporMax Flyknit 3. Lấy cảm hứng từ thời trang cao cấp, c&aacute;c t&iacute;nh năng ph&iacute;a tr&ecirc;n chảy của cấu tr&uacute;c Flyknit tho&aacute;ng kh&iacute;, c&oacute; thể k&eacute;o d&agrave;i. C&ocirc;ng nghệ VaporMax Air mang t&iacute;nh c&aacute;ch mạng giữ một m&ugrave;a xu&acirc;n trong bước ch&acirc;n của bạn với đệm từ g&oacute;t ch&acirc;n đến g&oacute;t ch&acirc;n.</p>\r\n\r\n<p><br />\r\n<img src=\"https://static.nike.com/a/images/t_PDP_864_v1/f_auto,b_rgb:f5f5f5,q_80/h0wun1yyv02qgzbeewq3/air-vapormax-flyknit-3-shoe-FZBdxt.jpg\" /> <img src=\"https://static.nike.com/a/images/t_PDP_864_v1/f_auto,b_rgb:f5f5f5,q_80/wg2ocgcjo2iv4pvwvuvt/air-vapormax-flyknit-3-shoe-FZBdxt.jpg\" /> <img src=\"https://static.nike.com/a/images/t_PDP_864_v1/f_auto,b_rgb:f5f5f5,q_80/cibilyendecvo5lbamox/air-vapormax-flyknit-3-shoe-FZBdxt.jpg\" /> <img src=\"https://static.nike.com/a/images/t_PDP_864_v1/f_auto,b_rgb:f5f5f5,q_80/pnnrv7cxax8xcw9ywewz/air-vapormax-flyknit-3-shoe-FZBdxt.jpg\" /></p>\r\n', 1, 7, 2, 1, 1),
(19, 'Giày Nike Air Max 97 Nữ LX - Gold', 'air-max-97-lx.jpg', 5279000, 0.3, ' Nike Air Max 97 LX mang lại một biểu tượng chạy với một bản nâng cấp nhẹ, sang trọng.', '<p>Lấy cảm hứng từ một tàu cao tốc, Nike Air Max 97 LX mang lại một biểu tượng chạy với một bản nâng cấp nhẹ, sang trọng. Nó hiện đại hóa một thiết kế retro với phần trên được đúc, lớp phủ hàn và đơn vị Max Air cho sự thoải mái cả ngày.</p>\r\n<br>\r\n<img src=\"https://static.nike.com/a/images/t_PDP_864_v1/f_auto,b_rgb:f5f5f5,q_80/f7918916-5366-48c8-a3b5-a6c345b6e498/air-max-97-lx-shoe-6V8gBm.jpg\" />\r\n<img src=\"https://static.nike.com/a/images/t_PDP_864_v1/f_auto,b_rgb:f5f5f5,q_80/abf47247-2c35-40b2-918c-bab8a497a447/air-max-97-lx-shoe-6V8gBm.jpg\" />\r\n<img src=\"https://static.nike.com/a/images/t_PDP_864_v1/f_auto,b_rgb:f5f5f5,q_80/e8877f3a-f121-4a10-ab0b-d7a33b0f9a45/air-max-97-lx-shoe-6V8gBm.jpg\" />\r\n<img src=\"https://static.nike.com/a/images/t_PDP_864_v1/f_auto,b_rgb:f5f5f5,q_80/bb718340-fd00-409e-9956-0516c6d98fcb/air-max-97-lx-shoe-6V8gBm.jpg\" />', 1, 6, 2, 1, 2),
(20, 'Giày Nike Air VaporMax LX - Black', 'air-vapormax-lx.jpg', 5869000, 0.3, 'Giày Nike Air Max LX mang phong cách khỏe khoắn giúp người đi dễ dàng và thoải mái.', '<p>Nike Air VaporMax LX bọc ch&acirc;n của bạn trong một vật liệu dệt căng mang lại cấu tr&uacute;c v&agrave; hỗ trợ cho bước tiến của bạn. Dưới ch&acirc;n, đệm Air Max nhẹ nhất, linh hoạt nhất cho đến nay mang lại cảm gi&aacute;c si&ecirc;u nảy m&agrave; c&aacute;c đối thủ đang chạy tr&ecirc;n kh&ocirc;ng.</p>\r\n\r\n<p><br />\r\n<img src=\"https://static.nike.com/a/images/t_PDP_864_v1/f_auto,b_rgb:f5f5f5,q_80/akqucbvc2phcqjkahxmy/air-vapormax-lx-shoe-G4Jb4V.jpg\" /> <img src=\"https://static.nike.com/a/images/t_PDP_864_v1/f_auto,b_rgb:f5f5f5,q_80/lydovyfucw5iwrddlcgy/air-vapormax-lx-shoe-G4Jb4V.jpg\" /> <img src=\"https://static.nike.com/a/images/t_PDP_864_v1/f_auto,b_rgb:f5f5f5,q_80/csupxgxo5muoutmajiqb/air-vapormax-lx-shoe-G4Jb4V.jpg\" /> <img src=\"https://static.nike.com/a/images/t_PDP_864_v1/f_auto,b_rgb:f5f5f5,q_80/wfw6jq5wx0dgumgcdtmj/air-vapormax-lx-shoe-G4Jb4V.jpg\" /></p>\r\n', 1, 5, 2, 1, 1),
(21, 'Giày Nike Air Max 270 React - Pink', 'air-max-270-react.jpg', 4409000, 0.1, 'Nike Air Max 270 React mang đậm chất nữ tính.', '<p>L&agrave;m mới bước của bạn trong Nike Air Max 270 React. N&oacute; sử dụng c&aacute;c vật liệu nhẹ, kh&ocirc;ng may để tạo ra một thẩm mỹ hiện đại tr&ocirc;ng đẹp như n&oacute; cảm thấy.</p>\r\n\r\n<p><br />\r\n<img src=\"https://static.nike.com/a/images/t_PDP_864_v1/f_auto,b_rgb:f5f5f5,q_80/b0388722-c3da-4306-ac9c-de08d0fc765c/air-max-270-react-shoe-6p35Nf.jpg\" /> <img src=\"https://static.nike.com/a/images/t_PDP_864_v1/f_auto,b_rgb:f5f5f5,q_80/af415106-bfb7-4b9d-85d2-a5cb2d206beb/air-max-270-react-shoe-6p35Nf.jpg\" /> <img src=\"https://static.nike.com/a/images/t_PDP_864_v1/f_auto,b_rgb:f5f5f5,q_80/cc0da7f6-e8d2-45d0-91f1-16e320e0d40f/air-max-270-react-shoe-6p35Nf.jpg\" /> <img src=\"https://static.nike.com/a/images/t_PDP_864_v1/f_auto,b_rgb:f5f5f5,q_80/931715e2-68aa-4b44-8f4f-3154d5f87d6a/air-max-270-react-shoe-6p35Nf.jpg\" /></p>\r\n', 1, 2, 2, 1, 2),
(22, 'Giày Nike Air Force 1 Nữ LV8 - white', 'air-force-1-lv8.jpg', 2169000, 0, 'Giày Nike Air Force 1 Nữ LV8 mang một màu sắc trẻ trung và gần gũi với thiết kế gần gũi và quen thuộc.', '<p>Đã đến lúc cherry-ish trở thành một huyền thoại thực sự với Nike Air Force 1 LV8. Bản gốc 82 vẫn có đệm Air-Sole cổ điển và được cập nhật với một bản in trái cây đầy màu sắc đặt anh đào lên trên một biểu tượng.</p>\r\n<br>\r\n<img src=\"https://static.nike.com/a/images/t_PDP_864_v1/f_auto,b_rgb:f5f5f5,q_80/i1-9c06e4ca-a609-4f21-87e8-6fa83135377b/air-force-1-lv8-older-shoe-1Lp48b.jpg\" />\r\n<img src=\"https://static.nike.com/a/images/t_PDP_864_v1/f_auto,b_rgb:f5f5f5,q_80/i1-69ee41fe-d00e-4354-9c0c-9aff341c2869/air-force-1-lv8-older-shoe-1Lp48b.jpg\" />\r\n<img src=\"https://static.nike.com/a/images/t_PDP_1728_v1/f_auto,b_rgb:f5f5f5/i1-8508d6bd-f2b5-498e-b496-57c8cb1fba8a/air-force-1-lv8-older-shoe-1Lp48b.jpg\" />\r\n<img src=\"https://static.nike.com/a/images/t_PDP_1728_v1/f_auto,b_rgb:f5f5f5/i1-f409f6c9-4cdd-4fb5-9810-7d14cb089cdc/air-force-1-lv8-older-shoe-1Lp48b.jpg\" />', 1, 4, 2, 2, 2),
(23, 'Giày Nike Air Force 1 Nữ 07 SE - Violet', 'air-force-1-07-se.jpg', 2929000, 0, 'Nike Air Force 1 Nữ 07 SE mang một màu sắc mới mẻ, trẻ trung pha chút thiên hướng cổ điển.\r\n', '<p>Huyền thoại sống trong Nike Air Force 1 &#39;07, một hiện đại về biểu tượng b&oacute;ng b đ&atilde; vượt qua để thay đổi cảnh quan của văn h&oacute;a sneaker. N&oacute; pha trộn phong c&aacute;ch cổ điển với c&aacute;c chi tiết tươi mới, sắc n&eacute;t trong khi vẫn đ&uacute;ng với gốc rễ của n&oacute; với đệm mềm mại, m&ugrave;a xu&acirc;n.</p>\r\n\r\n<p><br />\r\n<img src=\"https://static.nike.com/a/images/t_PDP_864_v1/f_auto,b_rgb:f5f5f5,q_80/091ab410-8b22-4de9-a4b7-af9eaa307f58/air-force-1-07-se-shoe-2jTpPC.jpg\" /> <img src=\"https://static.nike.com/a/images/t_PDP_864_v1/f_auto,b_rgb:f5f5f5,q_80/a11265a3-9de0-4f88-8c94-54a6f6d197cc/air-force-1-07-se-shoe-2jTpPC.jpg\" /> <img src=\"https://static.nike.com/a/images/t_PDP_864_v1/f_auto,b_rgb:f5f5f5,q_80/87d2e68a-1d47-4718-b409-95ff093e1f2d/air-force-1-07-se-shoe-2jTpPC.jpg\" /> <img src=\"https://static.nike.com/a/images/t_PDP_864_v1/f_auto,b_rgb:f5f5f5,q_80/7311e8b2-71cb-4aa3-b195-6e463c825ba2/air-force-1-07-se-shoe-2jTpPC.jpg\" /></p>\r\n', 1, 4, 2, 2, 2),
(24, 'Giày Nike Air Force 1 Nữ Shadow SE ', 'air-force-1-shadow-se.jpg', 3519000, 0.1, 'Giày Nike Air Force 1 Nữ Shadow SE mang một màu trắng xen lẫn vạch vàng tạo cảm giác mới lạ cho người đi.', '<p>Nike Air Force 1 Shadow SE tạo nên sự thay đổi tinh nghịch cho thiết kế b-ball cổ điển. Với cách tiếp cận nhiều lớp, gấp đôi nhãn hiệu và midsole phóng đại, nó làm nổi bật DNA AF1 trong khi nhân đôi niềm vui.</p>\r\n<br>\r\n<img src=\"https://static.nike.com/a/images/t_PDP_864_v1/f_auto,b_rgb:f5f5f5,q_80/i1-69caf2f8-b000-49ee-959d-b3419327d546/air-force-1-shadow-se-shoe-g0gZ4F.jpg\" />\r\n<img src=\"https://static.nike.com/a/images/t_PDP_864_v1/f_auto,b_rgb:f5f5f5,q_80/i1-0846965e-6227-4b9e-a1a5-02a6163a25e2/air-force-1-shadow-se-shoe-g0gZ4F.jpg\" />\r\n<img src=\"https://static.nike.com/a/images/t_PDP_864_v1/f_auto,b_rgb:f5f5f5,q_80/i1-764ace24-04f7-497e-85fb-bcf57c5e1449/air-force-1-shadow-se-shoe-g0gZ4F.jpg\" />\r\n<img src=\"https://static.nike.com/a/images/t_PDP_864_v1/f_auto,b_rgb:f5f5f5,q_80/i1-399dbaa3-3bfa-4519-990c-b2238f34f62d/air-force-1-shadow-se-shoe-g0gZ4F.jpg\" />', 1, 1, 2, 2, 2),
(25, 'Giày Nike Air Force 1 Nữ Phantom Shadow - Pink', 'air-force-1-shadow.jpg', 3239000, 0.1, 'Giày Nike Air Force 1 Nữ Phantom Shadow mang một màu hồng nữ tính, tạo cảm giác mới mẻ và dễ chịu cho chị em mang.', '<p>Nike Air Force 1 Shadow bày tỏ lòng tôn kính đối với những người phụ nữ đang làm gương cho thế hệ tiếp theo bằng cách trở thành lực lượng thay đổi trong cộng đồng của họ. Giày sneaker này phản ánh đặc điểm này trong thiết kế của nó với gấp đôi Swoosh, gấp đôi chiều cao và gấp đôi lực.</p>\r\n<br>\r\n<img src=\"https://static.nike.com/a/images/t_PDP_864_v1/f_auto,b_rgb:f5f5f5,q_80/rk2lbq8crc3xqv6f2nxr/air-force-1-shadow-shoe-mN8Glx.jpg\" />\r\n<img src=\"https://static.nike.com/a/images/t_PDP_864_v1/f_auto,b_rgb:f5f5f5,q_80/sbo5uf8vdz4zhauillz2/air-force-1-shadow-shoe-mN8Glx.jpg\" />\r\n<img src=\"https://static.nike.com/a/images/t_PDP_864_v1/f_auto,b_rgb:f5f5f5,q_80/bdrercamgdpubqksbkdb/air-force-1-shadow-shoe-mN8Glx.jpg\" />\r\n<img src=\"https://static.nike.com/a/images/t_PDP_864_v1/f_auto,b_rgb:f5f5f5,q_80/ibr8nlw27iw9unaeznea/air-force-1-shadow-shoe-mN8Glx.jpg\" />', 1, 6, 2, 2, 2),
(26, 'Giày Nike Air Force 1 Nữ Sage Low - Light Cream', 'air-force-1-sage-low-lx.jpg', 3519000, 0.2, 'Giày Nike Air Force 1 Nữ Sage Low mang màu sắc hường tạo cho người đi cảm giác quen thuộc.', '<p>Đưa cả chiều cao và thủ công lên cấp độ mới, Nike Air Force 1 Sage Low LX có đế giữa và đế trên. Các cạnh cuộn và các đường sạch sẽ thay thế các lớp phủ truyền thống cho một cái nhìn táo bạo.</p>\r\n<br>\r\n<img src=\"https://static.nike.com/a/images/t_PDP_864_v1/f_auto,b_rgb:f5f5f5,q_80/ecc5d779-08f6-4874-9707-a5f390fe40ef/air-force-1-sage-low-lx-shoe-nTkdbB.jpg\" />\r\n<img src=\"https://static.nike.com/a/images/t_PDP_864_v1/f_auto,b_rgb:f5f5f5,q_80/1e556acc-f95e-4051-b5e2-e462ee9edc89/air-force-1-sage-low-lx-shoe-nTkdbB.jpg\" />\r\n<img src=\"https://static.nike.com/a/images/t_PDP_864_v1/f_auto,b_rgb:f5f5f5,q_80/5367a63a-7c0f-41c0-ad75-3a6dc8b67518/air-force-1-sage-low-lx-shoe-nTkdbB.jpg\" />\r\n<img src=\"https://static.nike.com/a/images/t_PDP_864_v1/f_auto,b_rgb:f5f5f5,q_80/59a51ae0-7832-4b70-934b-a38e2d8db399/air-force-1-sage-low-lx-shoe-nTkdbB.jpg\" />\r\n', 1, 3, 2, 2, 2),
(27, 'Giày Nike Air Force 1 Type - Blue White', 'air-force-1-type.jpg', 3288000, 0.1, 'Giày Nike Air Force 1 Type mang một màu sắc mới mẻ.', '<p>Nike Air Force 1 Type mang đến tính thẩm mỹ thủ công cho vẻ ngoài cổ điển. Sử dụng các vật liệu trong suốt để thể hiện một hệ thống đóng cửa và công nghệ điều chỉnh, nó cung cấp một cái nhìn độc đáo, phù hợp tùy chỉnh và các tùy chọn kiểu dáng linh hoạt.</p>\r\n<br>\r\n<img src=\"https://static.nike.com/a/images/t_PDP_864_v1/f_auto,b_rgb:f5f5f5,q_80/491f2579-806b-4b41-88d2-062aaeca37d2/air-force-1-type-shoe-8Mhkt2.jpg\" />\r\n<img src=\"https://static.nike.com/a/images/t_PDP_864_v1/f_auto,b_rgb:f5f5f5,q_80/66de4e96-fc12-4e84-bf45-04d45467bdb2/air-force-1-type-shoe-8Mhkt2.jpg\" />\r\n<img src=\"https://static.nike.com/a/images/t_PDP_864_v1/f_auto,b_rgb:f5f5f5,q_80/a0337614-ca30-4181-b48e-75e511a71434/air-force-1-type-shoe-8Mhkt2.jpg\" />\r\n<img src=\"https://static.nike.com/a/images/t_PDP_864_v1/f_auto,b_rgb:f5f5f5,q_80/36352e36-43d6-4b80-a37f-26a29c2cc258/air-force-1-type-shoe-8Mhkt2.jpg\" />', 1, 6, 2, 2, 1),
(28, 'Giày Nike Air Force 1 Nam GORE-TEX - Gold', 'air-force-1-gore-tex.jpg', 4409000, 0.3, 'Giày Nike Air Force 1 Nam GORE-TEX mang màu giống gold.', '<p>Nike Air Force 1 GORE-TEX trang bị cho Air Force 1 cổ điển với thiết kế được chấp nhận trên đường phố, đáp ứng các tiêu chuẩn của công nghệ chống nước GORE-TEX ®. Nó có dây buộc phẳng thấm nước, bootie GORE-TEX và nhãn hiệu GORE-TEX ở gót chân</p>\r\n<br>\r\n<img src=\"https://static.nike.com/a/images/t_PDP_864_v1/f_auto,b_rgb:f5f5f5,q_80/fkf3dl2ambccgzmvgfp1/air-force-1-gore-tex-shoe-xz207L.jpg\" />\r\n<img src=\"https://static.nike.com/a/images/t_PDP_864_v1/f_auto,b_rgb:f5f5f5,q_80/cf0ojfot2wtbxlawytw9/air-force-1-gore-tex-shoe-xz207L.jpg\" />\r\n<img src=\"https://static.nike.com/a/images/t_PDP_864_v1/f_auto,b_rgb:f5f5f5,q_80/elb2fmzx7inqswwah9hh/air-force-1-gore-tex-shoe-xz207L.jpg\" />\r\n<img src=\"https://static.nike.com/a/images/t_PDP_864_v1/f_auto,b_rgb:f5f5f5,q_80/vtwyg1x5ebsrqfone1mf/air-force-1-gore-tex-shoe-xz207L.jpg\" />', 1, 6, 2, 2, 1),
(29, 'Giày Nike Air Force 1 Nam 07 - Red', 'air-force-1-Nam-07.jpg', 2929000, 0, 'Giày Nike Air Force 1 Nam 07 mang màu đen nam tính giúp người đi khỏe khoắn.', '<p>Huyền thoại sống trong Nike Air Force 1 07 một c&aacute;ch hiện đại tr&ecirc;n AF1 mang t&iacute;nh biểu tượng pha trộn phong c&aacute;ch cổ điển với c&aacute;c chi tiết ngọt ng&agrave;o. Một biểu tượng thẻ kh&acirc;u chạy dọc lưỡi trong khi thương hiệu qu&aacute; mức trong suốt củng cố di sản Nike.</p>\r\n\r\n<p><br />\r\n<img src=\"https://static.nike.com/a/images/t_PDP_864_v1/f_auto,b_rgb:f5f5f5,q_80/e2cee713-d02f-4415-88ff-3857243e9817/air-force-1-07-shoe-7FdcQX.jpg\" /> <img src=\"https://static.nike.com/a/images/t_PDP_864_v1/f_auto,b_rgb:f5f5f5,q_80/505a8777-1d9c-4bec-986b-0df44cf80c52/air-force-1-07-shoe-7FdcQX.jpg\" /> <img src=\"https://static.nike.com/a/images/t_PDP_864_v1/f_auto,b_rgb:f5f5f5,q_80/91bd4858-d743-43f7-b46b-ac32ba6c6886/air-force-1-07-shoe-7FdcQX.jpg\" /> <img src=\"https://static.nike.com/a/images/t_PDP_864_v1/f_auto,b_rgb:f5f5f5,q_80/e76faed1-a191-4625-94ae-b8bfcd2bf99e/air-force-1-07-shoe-7FdcQX.jpg\" /></p>\r\n', 1, 9, 2, 2, 1),
(30, 'Giày Nike Air Force 1 Nam React - Wolf Grey', 'air-force-1-react.jpg', 3519000, 0.1, 'Giày Nike Air Force 1 Nam React mang một cảm hứng mới mẻ dễ dàng sử dụng.', '<p>Làm mới diện mạo của bạn và bước vào một thế giới AF-1 mới với Nike Air Force 1 React. Nó hợp nhất thiết kế hiện đại với phong cách b-ball mang tính biểu tượng cho một cái nhìn lớn, táo bạo. Swoosh quá khổ, \"AIR\" lớn trên đế giữa và mẫu đế mới cho phép bạn thể hiện thế giới hiện đại của mình trong khi công nghệ Nike React thêm sự thoải mái đặc biệt dưới chân.</p>\r\n<br>\r\n<img src=\"https://static.nike.com/a/images/t_PDP_864_v1/f_auto,b_rgb:f5f5f5,q_80/2f1dc85e-9e79-462d-b60c-730aad0f2010/air-force-1-react-shoe-FtdVKP.jpg\" />\r\n<img src=\"https://static.nike.com/a/images/t_PDP_864_v1/f_auto,b_rgb:f5f5f5,q_80/412558a3-da6b-40ee-95ad-a08a6f1cb104/air-force-1-react-shoe-FtdVKP.jpg\" />\r\n<img src=\"https://static.nike.com/a/images/t_PDP_864_v1/f_auto,b_rgb:f5f5f5,q_80/6d740252-754d-4902-b09a-4fa3c921ec22/air-force-1-react-shoe-FtdVKP.jpg\" />\r\n<img src=\"https://static.nike.com/a/images/t_PDP_864_v1/f_auto,b_rgb:f5f5f5,q_80/4aeded54-8653-4cce-a1c5-d9144cdb7563/air-force-1-react-shoe-FtdVKP.jpg\" />', 1, 7, 2, 2, 1),
(31, 'Giày Nike Air Force 1 Nam 07 LV8 - Black', 'air-force-1-07-lv8.jpg', 2779000, 0, 'Giày Nike Air Force 1 Nam 07 LV8 mang màu đen sang trọng nam tính', '<p>Nike Air Force 1 &#39;07 LV8 kết hợp c&aacute;c t&iacute;nh năng hiệu suất lấy cảm hứng từ hoops của bản gốc 1982 trong khi th&ecirc;m c&aacute;c chi tiết thiết kế mới cho giao diện được cập nhật.</p>\r\n\r\n<p><br />\r\n<img src=\"https://static.nike.com/a/images/t_PDP_864_v1/f_auto,b_rgb:f5f5f5,q_80/7278e7a0-7c23-431f-8c41-ee79997cb0c9/air-force-1-07-lv8-shoe-m7m7s8.jpg\" /> <img src=\"https://static.nike.com/a/images/t_PDP_864_v1/f_auto,b_rgb:f5f5f5,q_80/e1fb4fec-bbf0-42bc-9672-4ba779f346f9/air-force-1-07-lv8-shoe-m7m7s8.jpg\" /> <img src=\"https://static.nike.com/a/images/t_PDP_864_v1/f_auto,b_rgb:f5f5f5,q_80/54903b06-671f-4ace-becc-a799eb96e1e4/air-force-1-07-lv8-shoe-m7m7s8.jpg\" /> <img src=\"https://static.nike.com/a/images/t_PDP_864_v1/f_auto,b_rgb:f5f5f5,q_80/70add6b6-0728-4be0-a1be-1093841615fd/air-force-1-07-lv8-shoe-m7m7s8.jpg\" /></p>\r\n', 1, 10, 2, 2, 1),
(32, 'Giày New Balance 990v4 Running Shoes', 'new_balance_990v4_made_in_us_running_shoes_d_width_grey_.jpeg', 4025000, 0.1, 'Giày New Balance 990v4 Running Shoes mang màu sắc trắng sáng.', '<p>Đ&acirc;y l&agrave; nghề thủ c&ocirc;ng của Mỹ. Lần gần đ&acirc;y nhất trong s&ecirc;-ri Made in the USA của ch&uacute;ng t&ocirc;i, Gi&agrave;y chạy bộ nam 990v4 US phục hồi hiệu suất tuyệt vời v&agrave; phong c&aacute;ch mang t&iacute;nh biểu tượng của di sản 30 năm 990. N&oacute; c&oacute; sự kết hợp ho&agrave;n hảo giữa đệm v&agrave; sự ổn định, được bao bọc trong một diện mạo sẽ tồn tại m&atilde;i m&atilde;i.</p>\r\n\r\n<p>&nbsp;</p>\r\n\r\n<p>Đặc trưng:</p>\r\n\r\n<p>- C&ocirc;ng nghệ midsole ENCAP cung cấp hỗ trợ v&agrave; độ bền tối đa.</p>\r\n\r\n<p>- Cổ &aacute;o mật độ k&eacute;p bọt</p>\r\n\r\n<p>- Đế ngo&agrave;i cao su thổi</p>\r\n\r\n<p>- Da heo / lưới tr&ecirc;n</p>\r\n\r\n<p>&nbsp;</p>\r\n\r\n<p>Th&ocirc;ng số kĩ thuật:</p>\r\n\r\n<p>- Trọng lượng:16.6oz / 385g</p>\r\n\r\n<p>- Midsole Drop: 12mm</p>\r\n\r\n<p>- Chiều rộng:D (Standard)</p>\r\n', 1, 5, 1, 15, 1),
(33, 'Giày New Balance Mens 996v2 - Green/Grey', 'New Balance Mens 996v2.jpg', 2356000, 0, 'Giày New Balance Mens 996v2 mang màu xanh lá trẻ trung.', '<p>New Balance 996v2 là một đôi giày tennis tròn hơn cung cấp hỗ trợ và đệm trong một cấu hình bền.</p>\r\n<p>Di chuyển như một chuyên gia trong giày tennis New Balance 996v2. Với midsole REVlite, đế ngoài Ndurance, lồng TPU đầy đủ cho sự linh hoạt và PROBANK cho sự ổn định bên cao cấp, đôi giày này tuyên bố tòa án của bạn. Đế ngoài bằng phẳng giúp người chơi sân đất nện dễ dàng trượt trơn tru, vì trọng lượng của người chơi được phân bổ đều hơn trên giày.</p>\r\n<br>\r\n<p>Đặc trưng:</p>\r\n<p>- Lồng TPU đầy đủ chân cho sự linh hoạt tối cao.</p>\r\n<p>- Herringbone Outsole cho phép tăng lực kéo cho chuyển động bên và xoay nhanh.</p>\r\n', 1, 4, 1, 15, 1),
(34, 'Giày New Balance 574 Nữ - Pink', 'New-Balance-574-Nu.jpg', 2654000, 0.2, 'Giày New Balance 574 Nữ tạo cảm giác trẻ trung và quyến rũ.', '<p>Giày da lộn màu đen và cao su WH574 của New Balance có ngón chân tròn, dây buộc phía trước có dây buộc, miếng vá logo ở lưỡi, logo ở bên ngoài, tem logo dập nổi bên cạnh và đế cao su có gờ.</p>\r\n<br />', 1, 4, 1, 15, 2),
(35, 'Giày Nike Air Jordan 1 Mid - Pine Green', 'air-jordan-1-mid.jpg', 2645000, 0, 'Giày Nike Air Jordan 1 Mid là đôi giày cổ cao thích hợp đi thể thao và chạy bộ', '<p>Giày Air Jordan 1 Mid được lấy cảm hứng từ AJ1 đầu tiên, mang đến cho người hâm mộ OG cái nhìn về thương hiệu Jordan đã đi được bao xa kể từ năm 1985.</p>\r\n<br>\r\n<img src=\"https://static.nike.com/a/images/t_PDP_864_v1/f_auto,b_rgb:f5f5f5,q_80/dfc69d94-8a28-4d3c-a4f6-80ef13acf1c2/air-jordan-1-mid-shoe-1zMCFJ.jpg\" />\r\n<img src=\"https://static.nike.com/a/images/t_PDP_864_v1/f_auto,b_rgb:f5f5f5,q_80/00f50b7a-099c-4b85-ad87-8b467134ed52/air-jordan-1-mid-shoe-1zMCFJ.jpg\" />\r\n<img src=\"https://static.nike.com/a/images/t_PDP_864_v1/f_auto,b_rgb:f5f5f5,q_80/9a93650e-49d3-47c9-9b9b-ad42dc0f0f1e/air-jordan-1-mid-shoe-1zMCFJ.jpg\" />\r\n<img src=\"https://static.nike.com/a/images/t_PDP_864_v1/f_auto,b_rgb:f5f5f5,q_80/f4e92bfb-d559-4ac6-b57b-6ea1e6a67315/air-jordan-1-mid-shoe-1zMCFJ.jpg\" />', 1, 10, 2, 4, 1),
(36, 'Giày Nike Air Jordan 1 Low - Metallic Gold', 'air-jordan-1-low-womens.jpg', 2784000, 0, 'Giày Nike Air Jordan 1 Low là một đôi giày sặc sỡ màu sắc, sẽ mang lại cảm nhận đầu tiên một cách thích thú.', '<p>Air Jordan 1 Low kết hợp vẻ ngo&agrave;i mang t&iacute;nh biểu tượng của bản gốc với sự vừa vặn v&agrave; cảm gi&aacute;c được trang bị lại cho sự thoải m&aacute;i nhẹ.</p>\r\n\r\n<p><br />\r\n<img src=\"https://static.nike.com/a/images/t_PDP_864_v1/f_auto,b_rgb:f5f5f5,q_80/i1-e5e0a093-fe99-41a3-be6b-32e8ea1388dd/air-jordan-1-low-womens-shoe-mcz8VL.jpg\" /> <img src=\"https://static.nike.com/a/images/t_PDP_864_v1/f_auto,b_rgb:f5f5f5,q_80/i1-4b818388-fd60-44aa-b008-88cc1f073ce2/air-jordan-1-low-womens-shoe-mcz8VL.jpg\" /> <img src=\"https://static.nike.com/a/images/t_PDP_864_v1/f_auto,b_rgb:f5f5f5,q_80/i1-7946f0a4-311e-4d52-a934-1a0782192b11/air-jordan-1-low-womens-shoe-mcz8VL.jpg\" /> <img src=\"https://static.nike.com/a/images/t_PDP_864_v1/f_auto,b_rgb:f5f5f5,q_80/i1-8c9e7012-d3c4-44bd-88d3-6bba3c4f7476/air-jordan-1-low-womens-shoe-mcz8VL.jpg\" /></p>\r\n', 1, 3, 2, 4, 2),
(37, 'Giày Nike Air Jordan 1 Defiant - Gym Red', 'air-jordan-1-defiant-style.jpg', 4025000, 0.2, 'Giày Nike Air Jordan 1 Defiant là mẫu giày thể thao mang phong cách hiện đại.', '<p>Air Jordan 1 Defiant Style kết hợp phần trên bằng da cao cấp với một sọc đậm để mang đến một hình bóng mang tính biểu tượng. Đệm cổ điển giúp bạn di chuyển trong và ngoài sân đấu.</p>\r\n<br>\r\n<img src=\"https://static.nike.com/a/images/t_PDP_864_v1/f_auto,b_rgb:f5f5f5,q_80/kimil8uh1iqsmyumy6hd/air-jordan-1-defiant-style-mens-shoe-FCczjS.jpg\" />\r\n<img src=\"https://static.nike.com/a/images/t_PDP_864_v1/f_auto,b_rgb:f5f5f5,q_80/tvohvr4nep1p119edjak/air-jordan-1-defiant-style-mens-shoe-FCczjS.jpg\" />\r\n<img src=\"https://static.nike.com/a/images/t_PDP_864_v1/f_auto,b_rgb:f5f5f5,q_80/feqnzu3az5qi8n8yxmz4/air-jordan-1-defiant-style-mens-shoe-FCczjS.jpg\" />\r\n<img src=\"https://static.nike.com/a/images/t_PDP_864_v1/f_auto,b_rgb:f5f5f5,q_80/cvbcxwruxgzsncj4govy/air-jordan-1-defiant-style-mens-shoe-FCczjS.jpg\" />', 1, 8, 2, 4, 1),
(38, 'Giày Nike Air Jordan 1 Retro - Red Purple', 'air-jordan-1-retro-womens.jpg', 4370000, 0.2, 'Giày Nike Air Jordan 1 Retro được phối màu tổng hợp mang lại cảm giác thích thú cho người đi.', '<p>Với t&iacute;nh năng chặn m&agrave;u đậm được lấy cảm hứng từ c&aacute;c đối thủ đ&aacute;ng gờm nhất của MJ, Air Jordan 2 Retro d&agrave;nh cho phụ nữ t&aacute;i tạo năng lượng cho bản gốc &#39;86. Phần tr&ecirc;n sang trọng của n&oacute; sử dụng sự pha trộn giữa vải dệt v&agrave; da cho một c&aacute;i nh&igrave;n độc đ&aacute;o.</p>\r\n\r\n<p><br />\r\n<img src=\"https://static.nike.com/a/images/t_PDP_864_v1/f_auto,b_rgb:f5f5f5,q_80/i1-7893f293-ba2e-409c-9c6f-590aba575e03/air-jordan-2-retro-womens-shoe-sV9b1L.jpg\" /> <img src=\"https://static.nike.com/a/images/t_PDP_864_v1/f_auto,b_rgb:f5f5f5,q_80/i1-91fcb38d-c297-4139-bc88-63428709ffaa/air-jordan-2-retro-womens-shoe-sV9b1L.jpg\" /> <img src=\"https://static.nike.com/a/images/t_PDP_864_v1/f_auto,b_rgb:f5f5f5,q_80/i1-0d8f4f20-f54e-4b61-9815-b8137dcb00ee/air-jordan-2-retro-womens-shoe-sV9b1L.jpg\" /> <img src=\"https://static.nike.com/a/images/t_PDP_864_v1/f_auto,b_rgb:f5f5f5,q_80/i1-5a9454d4-bae1-4d16-8050-78fe6b71ab39/air-jordan-2-retro-womens-shoe-sV9b1L.jpg\" /></p>\r\n', 1, 6, 2, 4, 2),
(39, 'Giày Converse Chuck Taylor All Star - White', 'Converse-Chuck-Taylor-All-Star.jpg', 3200000, 0.2, 'Với giày Converse Chuck Taylor All Star Space Utility, giày thể thao yêu thích của bạn trở nên săn chắc trong những chiếc Space Utility Chucks này. Lưới polyester neets lót lưới phù hợp màu sắc, trong khi gót chân và bội ngón chân thêm độ tương phản vừa phải.', '<p>Converse Chuck Taylor All Star được tạo ra vào năm 1917 dưới dạng giày bóng rổ chống trượt, All Star ban đầu được quảng bá cho hiệu suất tòa án vượt trội bởi vận động viên bóng rổ Chuck Taylor. Nhưng qua nhiều thập kỷ, một điều khó tin đã xảy ra: Một mẫu giày sneaker, với hình bóng vượt thời gian và miếng vá mắt cá chân cùng logo không thể nhầm lẫn, được chấp nhận và sử dụng vô cùng rộng rãi bởi phiến quân, nghệ sĩ, nhạc sĩ, nhà nghệ thuật, nhà tư tưởng và những người bình thường.</p>\r\n<br>\r\n<img src=\"https://bizweb.dktcdn.net/thumb/grande/100/347/923/products/166069c-1.jpg?v=1573107119127\" />\r\n<img src=\"https://bizweb.dktcdn.net/thumb/grande/100/347/923/products/166069c-4.jpg?v=1573107119127\" />\r\n<img src=\"https://bizweb.dktcdn.net/thumb/grande/100/347/923/products/166069c-5.jpg?v=1573107119127\" />\r\n<img src=\"https://bizweb.dktcdn.net/thumb/grande/100/347/923/products/166069c.jpg?v=1573107119127\" />', 1, 5, 6, 14, 1),
(40, 'Giày Adidas Ultraboost MTL - Gray', 'Giay_UltraBoost_MTL_Mau_xam.jpg', 4500000, 0.2, 'Giày Ultraboost MTL mang phong cách đơn giản, dễ sử dụng.', '<h3><strong>GI&Agrave;Y ULTRABOOST MTL</strong></h3>\r\n\r\n<p>&nbsp;</p>\r\n\r\n<p>MẪU GI&Agrave;Y CHẠY BỘ TH&Iacute;CH ỨNG C&Oacute; LỚP ĐỆM TRỢ LỰC.</p>\r\n\r\n<p>&nbsp;</p>\r\n\r\n<p>Mẫu gi&agrave;y Ultraboost n&agrave;y đem vẻ ngo&agrave;i mạ crom t&aacute;o bạo đến với buổi tập chạy h&agrave;ng ng&agrave;y của bạn. Mẫu gi&agrave;y n&agrave;y c&oacute; phần th&acirc;n tr&ecirc;n bằng vải dệt &aacute;nh kim, với khả năng th&ocirc;ng kh&iacute; ở c&aacute;c v&ugrave;ng hay đổ mồ h&ocirc;i để giữ cho b&agrave;n ch&acirc;n m&aacute;t mẻ v&agrave; kh&ocirc; r&aacute;o. Đế ngo&agrave;i mềm dẻo chuyển động h&agrave;i h&ograve;a với lớp đệm đ&agrave;n hồi, mang đến những bước chạy &ecirc;m &aacute;i v&agrave; tr&agrave;n đầy năng lượng.</p>\r\n\r\n<p><br />\r\n<img src=\"https://assets.adidas.com/images/w_600,f_auto,q_auto/12d78073bc2c40668834aad801134ebc_9366/Giay_UltraBoost_MTL_Mau_xam_EG8103.jpg\" /></p>\r\n', 1, 4, 3, 5, 1),
(41, 'Giày Adidas Ultraboost PB - Gray', 'Giay_Ultraboost_PB_Mau_xam.jpg', 5000000, 0.25, 'Giày Adidas Ultraboost PB được phối màu rất tinh tế giữa màu xám pha nhẹ màu hồng tươi.', '<h3><strong>GIÀY ULTRABOOST PB</strong></h3>\r\n\r\n<p>&nbsp;</p>\r\n\r\n<p>GIÀY SIÊU NHẸ VỚI LỚP ĐỆM ĐÀN HỒI.</p>\r\n\r\n<p>&nbsp;</p>\r\n\r\n<p>Giải phóng bước chạy thần tốc bên trong bạn. Đôi giày Ultraboost PB này mang kiểu dáng thanh thoát cùng cảm giác đàn hồi và thoải mái của dòng Ultraboost để bạn sẵn sàng thi đấu và nâng cao thành tích. Thân giày bằng vải lưới nhẹ nhất mà adidas từng sản xuất. Các vùng nâng đỡ bên trong cố định bàn chân khi bạn chạy về đích. Hoạ tiết 3 Sọc lấy cảm hứng từ thư pháp Nhật Bản. Nhìn đã nhanh, chạy càng nhanh.</p>\r\n<p><br />\r\n<img src=\"https://assets.adidas.com/images/w_600,f_auto,q_auto/3e1df1a1218e4153a32aab18009b2b2a_9366/Giay_Ultraboost_PB_Mau_xam_EG0420.jpg\" /></p>', 1, 5, 3, 5, 2),
(42, 'Giày Adidas Yeezy Boost 350 V2 - Gray', 'Yeezy Boost 350 V2.jpg', 30981000, 0.3, 'Giày Adidas Yeezy Boost 350 V2 là đôi giày mang phong cách hiện đại .\r\n', '<p>Phi&ecirc;n bản adidas Yeezy Boost 350 v2 Zebra Zebra 2018, l&agrave; phi&ecirc;n bản được bổ sung của d&ograve;ng m&agrave;u nổi tiếng Zebra Zebra hay được ph&aacute;t h&agrave;nh lần đầu ti&ecirc;n một năm trước. Phi&ecirc;n bản 2018 của Zebra Zebra Yeezys c&oacute; c&ugrave;ng t&ocirc;ng m&agrave;u với bản ph&aacute;t h&agrave;nh ban đầu. Nhưng c&oacute; một v&agrave;i kh&aacute;c biệt nhỏ, chẳng hạn như m&agrave;u trắng s&aacute;ng hơn cho đế ngo&agrave;i, m&agrave;u đỏ s&aacute;ng hơn cho văn bản của 350 350 SPLY tr&ecirc;n phần tr&ecirc;n Primeknit, ng&agrave;y sản xuất kh&aacute;c nhau tr&ecirc;n thẻ k&iacute;ch thước b&ecirc;n trong v&agrave; khu&ocirc;n kh&aacute;c nhau cho Boost đế ngo&agrave;i xốp. Phi&ecirc;n bản adidas Yeezy Boost 350 v2 Zebra Zebra 2018 được ph&aacute;t h&agrave;nh v&agrave;o th&aacute;ng 11 năm 2018.</p>\r\n\r\n<p><br />\r\n<img src=\"https://cdn-images.farfetch-contents.com/12/43/12/89/12431289_23446496_1000.jpg\" /> <img src=\"https://cdn-images.farfetch-contents.com/12/43/12/89/12431289_23446497_1000.jpg\" /> <img src=\"https://cdn-images.farfetch-contents.com/12/43/12/89/12431289_23446498_1000.jpg\" /> <img src=\"https://cdn-images.farfetch-contents.com/12/43/12/89/12431289_23446499_1000.jpg\" /></p>\r\n', 1, 7, 3, 8, 1),
(43, 'Giày Adidas Yeery Boost 350 V2  - Cloud White', 'Yeery Boost 350 V2-cloud.jpg', 3950000, 0.2, 'Giày Adidas Yeery Boost 350 V2 mang dáng vẻ trẻ trung và thanh cao rất hợp với người hay đi bộ hoặc thể thao.', '<p><strong>THÔNG SỐ KỸ THUẬT</strong></P>\r\n<br>\r\n<p>Chất liệu vải dệt Knit mềm mịn, êm chân</p>\r\n<p>Độ đàn hồi, co dãn tốt, ôm khít vừa chân</p>\r\n<p>Đế giày chất liệu Phylon – siêu nhẹ, dễ dàng hoạt động</p>\r\n<p>Khách hàng được kiểm tra, đi thử trước khi nhận hàng.</p>\r\n<br />\r\n<img src=\"https://shopgiayadidas.net/wp-content/uploads/2019/11/giay-adidas-yeezy_350_v2_cloud-white-1-.jpg\" />\r\n<img src=\"https://shopgiayadidas.net/wp-content/uploads/2019/11/giay-adidas-yeezy_350_v2_cloud-white-3-.jpg\" />', 1, 4, 3, 8, 2),
(44, 'Giày Adidas Alphaboost - Glory Blue', 'Alphaboost_Shoes_Blue.jpg', 2530000, 0, 'Giày Adidas Alphaboost - Glory Blue mang chất liệu thoáng mát.', '<h3>ALPHABOOST SHOES</h3>\r\n<p>CHẠY GIÀY CHIA SẺ ĐỂ TĂNG TỐC ĐỘ, TĂNG CƯỜNG VÀ NĂNG LỰC.</p>\r\n<p>Khi ngày cardio xuất hiện trong lịch tập luyện của bạn, những đôi giày chạy bộ Adidas này đã được bạn bảo hiểm. Được thiết kế cho các cuộc tập trận bùng nổ và đào tạo tốc độ, chúng giúp bạn đẩy mạnh trò chơi của mình, bất kể môn thể thao của bạn là gì. Vỏ mật độ kép và độ ổn định mang lại sự kiểm soát và sự nhanh nhẹn tối ưu cho tất cả các cách bạn di chuyển.</p>\r\n<br>\r\n<img src=\"https://assets.adidas.com/images/w_600,f_auto,q_auto/ee4fc20208034218a298aaaa013c1ccd_9366/Alphaboost_Shoes_Blue_EG1434.jpg\" />', 1, 5, 3, 6, 1);
INSERT INTO `san_pham` (`ma_san_pham`, `ten_san_pham`, `anh`, `gia`, `sales`, `mo_ta`, `noi_dung`, `tinh_trang`, `ma_size`, `ma_hang`, `ma_loai_san_pham`, `ma_danh_muc`) VALUES
(45, 'Giày Adidas Alphaboost Black Friday - Crystal ', 'Alphaboost_Black_Friday.jpg', 2760000, 0.1, 'Giày Adidas Alphaboost Black Friday mang màu hường tạo cảm giác êm dịu cho người đi.', '<h3>ALPHABOOST BLACK FRIDAY SHOES</h3>\r\n\r\n<p>&nbsp;</p>\r\n\r\n<p>GI&Agrave;Y CHẠY ĐƯỢC THIẾT KẾ ĐỂ HPORT TRỢ PHONG C&Aacute;CH DI CHUYỂN.</p>\r\n\r\n<p>&nbsp;</p>\r\n\r\n<p>&nbsp;</p>\r\n\r\n<p>Tăng cường đ&agrave;o tạo của bạn. Những đ&ocirc;i gi&agrave;y chạy n&agrave;y cung cấp sự thoải m&aacute;i v&agrave; hỗ trợ cho việc di chuyển linh hoạt. Được l&agrave;m đặc biệt cho Thứ S&aacute;u Đen, ch&uacute;ng c&oacute; phần tr&ecirc;n bằng kim loại với c&aacute;c chi tiết bằng da cao cấp. C&aacute;c khu vực được nhắm mục ti&ecirc;u hỗ trợ v&agrave; k&eacute;o d&agrave;i cung cấp một vừa kh&iacute;t. Đệm mật độ k&eacute;p v&agrave; vỏ ổn định tr&ecirc;n đế ngo&agrave;i mang lại một chuyến đi ổn định.</p>\r\n\r\n<p><br />\r\n<img src=\"https://assets.adidas.com/images/w_600,f_auto,q_auto/802acd23077c4e8e8543a9fc017c97ec_9366/Alphaboost_Black_Friday_Shoes_Beige_EF1164.jpg\" /></p>\r\n\r\n<p>&nbsp;</p>\r\n', 1, 5, 3, 6, 2),
(46, 'Giày Adidas Stan Smith - Silvel Metallic', 'Giay_Stan_Smith_Mau_bac.jpg', 2800000, 0.1, 'Giày Adidas Stan Smith - Silvel Metallic mang màu bạc ánh kim toát lên vẻ đẹp bên ngoài quý phái, sang trọng.', '<h3><strong>GIÀY STAN SMITH - SILVER METALLIC</strong></h3>\r\n\r\n<p>&nbsp;</p>\r\n\r\n<p>MẪU GIÀY TẬP THANH THOÁT LÀM BẰNG DA MÀU ÁNH KIM SÁNG BÓNG.</p>\r\n\r\n<p>&nbsp;</p>\r\n\r\n<p>Sự kết hợp giữa sự đơn giản và màu sắc lấp lánh. Đôi giày adidas Stan Smith này mang không khí lễ hội đến với biểu tượng của sân quần vợt thời thập niên 60. Thân giày bằng vải dệt được phủ lớp ánh kim đầy bất ngờ cho vẻ ngoài lung linh, bắt mắt. Mọi chi tiết còn lại đều trung thành với nguyên bản: 3 Sọc đục lỗ hết sức tinh tế, đế cao su thấp và mảng màu sau gót dễ dàng nhận diện. Bạn đang tìm một đôi giày cho mùa tiệc tùng lễ hội? Coi như đã chọn xong.</p>\r\n<p><br />\r\n<img src=\"https://assets.adidas.com/images/w_600,f_auto,q_auto/faefcb47931946c1898bab0b011cc06e_9366/Giay_Stan_Smith_Mau_bac_FW5363.jpg\" /></p>', 1, 5, 3, 7, 1),
(47, 'Giày Adidas Stan Smith - Cloud White', 'Giay_Stan_Smith_Mau_trang.jpg', 2580000, 0.15, 'Giày Adidas Stan Smith - Cloud White mang màu trắng tuyền pha nhẹ chút hồng tạm cảm giác thoải mái.', '<h3><strong>Gi&agrave;y Stan Smith - Cloud White</strong></h3>\r\n\r\n<p>&nbsp;</p>\r\n\r\n<p>GI&Agrave;Y STAN SMITH VỚI HỌA TIẾT TH&Ecirc;U.</p>\r\n\r\n<p>&nbsp;</p>\r\n\r\n<p>Stan Smith l&agrave; m&atilde;i m&atilde;i. Phong c&aacute;ch kh&ocirc;ng bao giờ phai nhạt. Khung vải trắng cho c&aacute;c cảm hứng thời trang. Đ&ocirc;i gi&agrave;y adidas Stan Smith n&agrave;y mang đến n&eacute;t mới mẻ cho phong c&aacute;ch quần vợt. Gi&agrave;y l&agrave;m từ chất liệu da cao cấp với họa tiết may chần. Đ&uacute;ng như phong c&aacute;ch s&agrave;nh điệu của bạn.</p>\r\n\r\n<p><br />\r\n<img src=\"https://assets.adidas.com/images/w_600,f_auto,q_auto/773bf72ffe854526801fab19006816bf_9366/Giay_Stan_Smith_Mau_trang_FV4070.jpg\" /></p>\r\n', 1, 5, 3, 7, 2),
(48, 'Giày Adidas Stan Smith - Cloud Gold', 'Giay_Stan_Smith_Mau_trang-gold.jpg', 2580000, 0.15, 'Giày Adidas Stan Smith - Cloud White mang màu trắng tuyền pha nhẹ chút hồng tạm cảm giác thoải mái.', '\r\n<h3><strong>Giày Stan Smith - Cloud Gold</strong></h3>\r\n\r\n<p>&nbsp;</p>\r\n\r\n<p>GIÀY STAN SMITH CÓ VIỀN SAU GÓT MÀU ÁNH KIM SÁNG BÓNG.</p>\r\n\r\n<p>&nbsp;</p>\r\n\r\n<p>Nét tối giản thanh lịch của đôi giày Stan Smith khuyến khích các nét sáng tạo. Đôi giày này có viền sau gót màu ánh kim tăng phần hào nhoáng cho vẻ ngoài kinh điển. Thân giày bằng da mượt mà, 3 Sọc đục lỗ và chân dung Stan Smith trên nhãn lưỡi gà thể hiện phong cách Stan Smith đặc trưng.</p>\r\n<p><br />\r\n<img src=\"https://assets.adidas.com/images/w_600,f_auto,q_auto/2fb9663c5e284019a541a9ba0116d4a1_9366/Giay_Stan_Smith_Mau_trang_EE8836.jpg\" /></p>', 1, 4, 3, 7, 2),
(49, 'Giày Adidas Stan Smith Recon - White', 'Giay_Stan_Smith_Recon_Mau_trang.jpg', 3600000, 0.2, 'Giày Adidas Stan Smith Recon - White mang màu sắc trắng tuyết tạo cảm giác thoải mái cho người đi.', '<h3><strong>Gi&agrave;y Adidas Stan Smith Recon</strong></h3>\r\n\r\n<p>&nbsp;</p>\r\n\r\n<p>PHI&Ecirc;N BẢN THƯỢNG HẠNG CỦA Đ&Ocirc;I GI&Agrave;Y STAN SMITH.</p>\r\n\r\n<p>&nbsp;</p>\r\n\r\n<p>Hai lần đoạt danh hiệu Grand Slam. Tay vợt số một nước Mỹ. V&agrave; rồi được t&aacute;i hiện qua một đ&ocirc;i gi&agrave;y. Được đặt theo t&ecirc;n huyền thoại quần vợt, đ&ocirc;i gi&agrave;y adidas Stan Smith l&agrave; biểu tượng phong c&aacute;ch tr&ecirc;n to&agrave;n thế giới, được ưa chuộng nhờ kiểu d&aacute;ng gọn g&agrave;ng, l&aacute;ng mượt v&agrave; ph&ugrave; hợp với mọi trang phục. Đ&ocirc;i gi&agrave;y n&agrave;y l&agrave; phi&ecirc;n bản sang trọng của thiết kế vượt thời gian, với th&acirc;n gi&agrave;y bằng da cao cấp v&agrave; lớp l&oacute;t ho&agrave;n to&agrave;n bằng da. Đường may tỉ mỉ cho cảm gi&aacute;c v&agrave; vẻ ngo&agrave;i đầy tinh tế.</p>\r\n\r\n<p><br />\r\n<img src=\"https://assets.adidas.com/images/w_600,f_auto,q_auto/c42bafa445bc4a6092c9ab0b009d8b6e_9366/Giay_Stan_Smith_Recon_Mau_trang_EF4001.jpg\" /></p>\r\n', 1, 6, 3, 7, 1),
(50, 'Giày Adidas Stan Smith W - White', 'STAN_SMITH_W1_Mau_trang.jpg', 2400000, 0.1, 'Giày Adidas Stan Smith W - White mang màu trắng tuyền pha nhẹ chút xanh tạo cảm giác thoải mái.', '', 1, 3, 3, 7, 2),
(51, 'Giày Vans Classic SK8-Hi Navy White', 'vans-classic-sk8-hi-navy-1.png', 1850000, 0.1, 'Vans Classic SK8-Hi Navy White mang nét khâu đặc sắc.', '<p>VANS CLASSIC SK8-HI NAVY/WHITE với thiết kế đế cao su độ b&aacute;m tốt, c&ugrave;ng chất liệu Canvas bền bỉ ph&ugrave; hợp c&aacute;c m&ocirc;n thể thao mạo hiểm như trượt v&aacute;n, xe đạp BMX, m&ocirc; t&ocirc; đua, trượt tuyết.</p>\r\n\r\n<p><br />\r\n<img src=\"https://bizweb.dktcdn.net/100/140/774/products/vans-classic-sk8-hi-navy-white-vn000d5invy-1.png?v=1507994803327\" /> <img src=\"https://bizweb.dktcdn.net/100/140/774/products/vans-classic-sk8-hi-navy-white-vn000d5invy-2.png?v=1507994803327\" /> <img src=\"https://bizweb.dktcdn.net/100/140/774/products/vans-classic-sk8-hi-navy-white-vn000d5invy-3.png?v=1507994803327\" /> <img src=\"https://bizweb.dktcdn.net/100/140/774/products/vans-classic-sk8-hi-navy-white-vn000d5invy-5.png?v=1507994803327\" /></p>\r\n', 1, 6, 4, 10, 1),
(52, 'Giày Vans Classic SK8-Hi Navy White', 'vans-classic-sk8-hi-black-white-1.png', 1850000, 0.1, 'Vans Classic SK8-Hi Navy White mang nét khâu đặc sắc.', '<p>VANS SK8 xuất hiện lần đầu năm 1978 với tên gọi Style 38 với thiết kế cao qua mắt cá chân, bảo vệ phần quan trọng nơi mà các vận động viên trượt ván lạm dụng nhiều để có những Tricks độc đáo, và đồng thời Sk8 cũng mang lại phong cách thời trang đặc biệt điểm màu cho công viên thời bấy giờ.</p>\r\n<p>Phiên bản VANS Classic Sk8 Black/White là một trong style kinh điển của VANS và đã mang lại lợi nhuận khổng lồ cho hãng khi luôn nằm trong mục Best Seller của VANS.</p>\r\n<br>\r\n<img src=\"https://bizweb.dktcdn.net/100/140/774/products/vans-classic-sk8-hi-black-white-vn000d5ib8c-1.png?v=1507775295313\" />\r\n<img src=\"https://bizweb.dktcdn.net/100/140/774/products/vans-classic-sk8-hi-black-white-vn000d5ib8c-5.png?v=1507775295313\" />\r\n<img src=\"https://bizweb.dktcdn.net/100/140/774/products/vans-classic-sk8-hi-black-white-vn000d5ib8c-6.png?v=1507775295313\" />\r\n<img src=\"https://bizweb.dktcdn.net/100/140/774/products/vans-classic-sk8-hi-black-white-vn000d5ib8c-7.png?v=1507775295313\" />', 1, 7, 4, 10, 1),
(53, 'Giày Vans Classic Old Skool - Black', 'vans-classic-old-skool-black.png', 1700000, 0.1, 'Giày Vans Classic Old Skool - Black mang phong cách cổ điển với màu đen.\r\n', '<p>Lại l&agrave; một phối m&agrave;u đ&aacute;ng mua d&ograve;ng OLD SKOOL nữa VANS. Nếu bạn đang kiếm một đ&ocirc;i gi&agrave;y vừa &ecirc;m &aacute;i, vừa dễ mang, vừa mang phối m&agrave;u all black cực ngầu th&igrave; chắc chắn đ&acirc;y l&agrave; đ&ocirc;i gi&agrave;y d&agrave;nh cho bạn. Kh&ocirc;ng nhưng vậy, đ&ocirc;i gi&agrave;y n&agrave;y vẫn lu&ocirc;n l&agrave; sự lựa chọn h&agrave;ng đầu của c&aacute;c vận động vi&ecirc;n m&ocirc;n trượt v&aacute;n, xe đạp BMX,.. v&igrave; khả năng bảo vệ đ&ocirc;i ch&acirc;n, giảm chấn tuyệt vời của n&oacute;. C&aacute;c bạn fan của VANS h&atilde;y nhanh tay l&ecirc;n nh&eacute;, đừng chần chừ g&igrave; nữa v&igrave; phối m&agrave;u n&agrave;y lu&ocirc;n sold out rất nhanh đấy!</p>\r\n\r\n<p><br />\r\n<img src=\"https://bizweb.dktcdn.net/100/140/774/products/vans-classic-old-skool-black-black-vn000d3hbka-1.png?v=1507872338130\" /> <img src=\"https://bizweb.dktcdn.net/100/140/774/products/vans-classic-old-skool-black-black-vn000d3hbka-2.png?v=1507872338130\" /> <img src=\"https://bizweb.dktcdn.net/100/140/774/products/vans-classic-old-skool-black-black-vn000d3hbka-3.png?v=1507872338130\" /> <img src=\"https://bizweb.dktcdn.net/100/140/774/products/vans-classic-old-skool-black-black-vn000d3hbka-5.png?v=1507872338130\" /></p>\r\n', 1, 5, 4, 9, 1),
(54, 'Giày Vans Classic Old Skool - White', 'vans-canvas-old-skool-classic-true-white-1.png', 1700000, 0.1, 'Giày Vans Classic Old Skool - Black mang phong cách cổ điển với màu trắng.\r\n', '<p>Lại là một phiên bản Best Seller của VANS mọi thời đại, đôi giày chỉ với một màu trắng tinh này đã mang đến cho thương hiệu khá nhiều lợi nhuận dù khá kén người chọn. Là phiên bản được VANS sử dụng chủ yếu trong các sự kiện Custom giày, được các fan hâm mộ của VANS vẽ ra rất nhiều kiểu dáng khác nhau và luôn được hãng VANS ủng hộ và thậm chí là tài trợ để có những phiên bản Custom đặc sắc.</p>\r\n<br>\r\n<img src=\"https://bizweb.dktcdn.net/100/140/774/products/vans-canvas-old-skool-classic-true-white-1.png?v=1507733881627\" />\r\n<img src=\"https://bizweb.dktcdn.net/100/140/774/products/vans-canvas-old-skool-classic-true-white-2.png?v=1507733881627\" />\r\n<img src=\"https://bizweb.dktcdn.net/100/140/774/products/vans-canvas-old-skool-classic-true-white-3.png?v=1507733881627\" />\r\n<img src=\"https://bizweb.dktcdn.net/100/140/774/products/vans-canvas-old-skool-classic-true-white-5.png?v=1507733881627\" />', 1, 5, 4, 9, 2),
(55, 'Giày Vans Classic Old Skool - Black White', 'vans-old-skool-classic-black-white.png', 1499000, 0.1, 'Giày Vans Classic Old Skool - Black mang phong cách cổ điển với màu đen.\r\n', '<p>Là một trong những phiên bản đầu tiên và cổ điển nhất của VANS trong bộ sưu tập VANS OLD SKOOL ra đời năm 1977. Tới nay đôi giày chỉ với phối màu đen trắng này vẫn nằm trong top \"Best Seller\" của VANS trên toàn thế giới, với kiểu dáng cổ điển cùng \"sọc Jazz\" huyền thoại hợp thời trang khiến đôi VANS này thật sự trở thành mẫu giày classic bất bại, là fan hâm mộ của VANS nói chung và những skaters nói riêng đều nên có một đôi trong tủ giày. Được mệnh danh là phiên bản mang \"càng cũ càng đẹp\" và nhiều phiên bản custom  bậc nhất của nhà VANS.</p>\r\n<br>\r\n<img src=\"https://bizweb.dktcdn.net/100/140/774/products/vans-old-skool-classic-black-white-vn000d3hy28-1.png?v=1507728999083\" />\r\n<img src=\"https://bizweb.dktcdn.net/100/140/774/products/vans-old-skool-classic-black-white-vn000d3hy28-2.png?v=1507728999083\" />\r\n<img src=\"https://bizweb.dktcdn.net/100/140/774/products/vans-old-skool-classic-black-white-vn000d3hy28-3.png?v=1507728999083\" />\r\n<img src=\"https://bizweb.dktcdn.net/100/140/774/products/vans-old-skool-classic-black-white-vn000d3hy28-5.png?v=1507728999083\" />', 1, 5, 4, 9, 1),
(56, 'Giày Vans Classic Old Skool SideStripe V ', 'vans-old-skool-sidestripe-v-white.jpg', 1700000, 0.1, 'Giày Vans Classic Old Skool SideStripe V - White mang phong cách cổ điển với màu trắng.\r\n', '<p>Với kiểu d&aacute;ng Vans Old Skool cực k&igrave; quen thuộc, mẫu sản phẩm Sidestripe V của nh&agrave; Vans lần n&agrave;y sẽ l&agrave; lựa chọn ho&agrave;n hảo cho bất k&igrave; ai muốn dạo chơi tr&ecirc;n phố.</p>\r\n\r\n<p>Với tone m&agrave;u trắng tươi v&ocirc; c&ugrave;ng trẻ trung c&ugrave;ng chất liệu da lộn &ndash; vải Canvas, Vans Old Skool Sidestripe V True White đ&atilde; th&agrave;nh c&ocirc;ng thu h&uacute;t được sự quan t&acirc;m v&agrave; ch&uacute; &yacute; của đ&ocirc;ng đảo c&aacute;c fans nh&agrave; Vans tr&ecirc;n to&agrave;n thế giới.</p>\r\n\r\n<p><br />\r\n<img src=\"https://bizweb.dktcdn.net/100/140/774/products/vans-old-skool-sidestripe-v-white-vn0a38g1upc-1.jpg?v=1549186420577\" /> <img src=\"https://bizweb.dktcdn.net/100/140/774/products/vans-old-skool-sidestripe-v-white-vn0a38g1upc-3.png?v=1549186422827\" /> <img src=\"https://bizweb.dktcdn.net/100/140/774/products/vans-old-skool-sidestripe-v-white-vn0a38g1upc-1.png?v=1549186421117\" /> <img src=\"https://bizweb.dktcdn.net/100/140/774/products/vans-old-skool-sidestripe-v-white-vn0a38g1upc-4.png?v=1549186423657\" /></p>\r\n', 1, 5, 4, 9, 2),
(57, 'Giày Vans Classic Old Skool Style 36', 'vans-style-36-otw-repeat.jpg', 1700000, 0.1, 'Giày Vans Classic Old Skool Style 36 - White mang phong cách cổ điển với màu tím.\r\n', '<p>Là trong 1 trong 2 thiết kế được VANS lựa chọn trong BST lần này, OLD SKOOL được khoác lên mình 1 vẻ ngoài hết sức bắt mắt. Logo OFF THE WALL được thể hiện độc đáo với phong cách all over print thời thường cùng với phối màu tím hết sức ấn tượng. Được biết logo này là thông điệp mà VANS luôn muốn truyền tải đến những bạn trẻ với tinh thần dám nghĩ dám làm, luôn sáng tạo và bức phá. Các chi tiết trên đôi gìay được chăm chút, sử dụng cùng màu mới tông màu chủ đạo khiến cho đôi giày trở nên hoàn thiện hơn như : dây giày, khoen xỏ dây, đường chỉ cao su chạy quanh đế giày,.. Đôi giày vẫn được sử dụng những chất liệu giống như những phối màu OLD SKOOL trước đây như da lộn, da bóng cũng như là vải canvas, sự phối hợp đa chất liệu này đem lại sự cao cấp, nâng cao sự bền bỉ thêm cho đôi giày.</p>\r\n<br>\r\n<img src=\"https://bizweb.dktcdn.net/100/140/774/products/vans-style-36-otw-repeat-vn0a3dz3rxl-4.jpg?v=1542207079153\" />\r\n<img src=\"https://bizweb.dktcdn.net/100/140/774/products/vans-style-36-otw-repeat-vn0a3dz3rxl-2.jpg?v=1542207077850\" />\r\n<img src=\"https://bizweb.dktcdn.net/100/140/774/products/vans-style-36-otw-repeat-vn0a3dz3rxl-6.jpg?v=1542207079990\" />\r\n<img src=\"https://bizweb.dktcdn.net/100/140/774/products/vans-style-36-otw-repeat-vn0a3dz3rxl-5.jpg?v=1542207079507\" />', 1, 5, 4, 9, 1),
(58, 'Giày Vans Old Skool Pig Suede - Mango', 'vans-pig-suede-old-skool-mango.jpg', 2300000, 0.1, 'Giày Vans Old Skool Pig Suede - Mango mang phong cách cổ điển với màu vàng.', '<p>Với bộ sưu tập Pig Suede, VANS lần n&agrave;y đ&atilde; thật sự l&agrave;m cho những ai đam m&ecirc; với thời trang n&oacute;i chung v&agrave; gi&agrave;y thể thao n&oacute;i ri&ecirc;ng cảm thấy phấn kh&iacute;ch, m&atilde;n nh&atilde;n với phong c&aacute;ch c&aacute; t&iacute;nh, nổi bật, ph&ugrave; hợp với xu hướng hiện đại. Với sự g&oacute;p mặt nổi bật của VANS PIG SUEDE OLD SKOOL MANGO MOJITO c&agrave;ng l&agrave;m cho bộ sưu tập th&ecirc;m gi&aacute; trị, cuốn h&uacute;t. Được l&agrave;m từ chất liệu suede cao cấp, mịn m&agrave;ng, từng đường kim mũi chỉ v&ocirc; c&ugrave;ng chi tiết, tỉ mỉ v&agrave; phần upper phủ lớp chống nước, bụi bẩn n&ecirc;n bạn kh&ocirc;ng cần đau đầu về vấn đề thời tiết nữa. Đặt trưng ở đ&acirc;y c&ograve;n l&agrave; họa tiết lượn s&oacute;ng mang &yacute; nghĩa biểu tượng cho h&atilde;ng gi&agrave;y nổi tiếng thế giới. Chất lượng th&igrave; khỏi phải b&agrave;n c&atilde;i rồi v&igrave; VANS được l&ograve;ng hết thảy những người &aacute;i mộ v&igrave; tất cả sản phẩm đều đem tới cảm gi&aacute;c thoải m&aacute;i, dễ chịu nhất khi mang v&agrave;o d&ugrave; đến bất cứ đ&acirc;u.</p>\r\n\r\n<p><br />\r\n<img src=\"https://bizweb.dktcdn.net/100/140/774/products/vans-pig-suede-old-skool-mango-mojito-vn0a4bv5v77-2.jpg?v=1574181276143\" /> <img src=\"https://bizweb.dktcdn.net/100/140/774/products/vans-pig-suede-old-skool-mango-mojito-vn0a4bv5v77-3.jpg?v=1574181280453\" /> <img src=\"https://bizweb.dktcdn.net/100/140/774/products/vans-pig-suede-old-skool-mango-mojito-vn0a4bv5v77-4.jpg?v=1574181281347\" /> <img src=\"https://bizweb.dktcdn.net/100/140/774/products/vans-pig-suede-old-skool-mango-mojito-vn0a4bv5v77-5.jpg?v=1574181281727\" /></p>\r\n', 1, 4, 4, 9, 2),
(59, 'Giày Classic Vans Sk8 Hi Lady ', 'Vans sk8-Hi lady.png', 1800000, 0.1, 'Vans Lady Vans có thiết kế là kiểu dáng Vans Sk8 quen thuộc kết hợp những họa tiết lạ mắt và hình hoa hồng đen độc đáo phủ khắp thân giày tạo điểm nhấn cuốn hút cho sản phẩm. \r\n', '<h3>THÔNG TIN SẢN PHẨM</h3>\r\n<br>\r\n<table border=\"1\" style=\"border-collapse:collapse; width: 500px; height: 200px; text-align: center;\">\r\n    <tr>\r\n	<td style=\"vertical-align: middle;\">Thương hiệu</td>\r\n	<td style=\"vertical-align: middle;\"><a href=\"http://project.com/product.php?id=4\">Vans</a></td>\r\n    <tr>\r\n    <tr>\r\n	<td style=\"vertical-align: middle;\">Xuất xứ thương hiệu</td>\r\n	<td style=\"vertical-align: middle;\">Mỹ</td>\r\n    <tr>\r\n    <tr>\r\n	<td style=\"vertical-align: middle;\">Sản xuất tại</td>\r\n	<td style=\"vertical-align: middle;\">Việt Nam</td>\r\n    <tr>\r\n    <tr>\r\n	<td style=\"vertical-align: middle;\">Chất liệu</td>\r\n	<td style=\"vertical-align: middle;\">Vải canvas mix da lộn</td>\r\n    <tr>\r\n</table>', 1, 4, 4, 10, 1),
(60, 'Giày Classic Vans Sk8 Hi Label Mix', 'Vans Sk8 Hi Label Mix.png', 2050000, 0.1, 'Vans Sk8 - Hi Label Mix có thiết kế tương tự mẫu slip-on cổ điển, với đặc trưng là phần mũ giày được làm bằng vải canvas chắc chắn cùng một nhãn in Vans, vành đệm và đế giày cao su quen thuộc.', '<h3>THÔNG TIN SẢN PHẨM</h3>\r\n<br>\r\n<table border=\"1\" style=\"border-collapse:collapse; width: 500px; height: 200px; text-align: center;\">\r\n    <tr>\r\n	<td style=\"vertical-align: middle;\">Thương hiệu</td>\r\n	<td style=\"vertical-align: middle;\"><a href=\"http://project.com/product.php?id=4\">Vans</a></td>\r\n    <tr>\r\n    <tr>\r\n	<td style=\"vertical-align: middle;\">Xuất xứ thương hiệu</td>\r\n	<td style=\"vertical-align: middle;\">Mỹ</td>\r\n    <tr>\r\n    <tr>\r\n	<td style=\"vertical-align: middle;\">Sản xuất tại</td>\r\n	<td style=\"vertical-align: middle;\">Việt Nam</td>\r\n    <tr>\r\n    <tr>\r\n	<td style=\"vertical-align: middle;\">Chất liệu</td>\r\n	<td style=\"vertical-align: middle;\">Vải canvas mix da lộn</td>\r\n    <tr>\r\n</table>', 1, 4, 4, 10, 2),
(61, 'Giày Vans SK8-Hi Forgotten Bones', 'Vans SK8-Hi Forgotten.png', 1950000, 0.2, 'Với kiểu dáng classic quen thuộc của Vans Sk8 và được làm từ chất liệu da lộn mềm mại ở phần mũi giày mang đến sự thông thoáng dễ chịu cho những ngón chân khi sử dụng Vans Forgotten Bones.', '<h3>THÔNG TIN SẢN PHẨM</h3>\r\n<br>\r\n<table border=\"1\" style=\"border-collapse:collapse; width: 500px; height: 200px; text-align: center;\">\r\n    <tr>\r\n	<td style=\"vertical-align: middle;\">Thương hiệu</td>\r\n	<td style=\"vertical-align: middle;\"><a href=\"http://project.com/product.php?id=4\">Vans</a></td>\r\n    <tr>\r\n    <tr>\r\n	<td style=\"vertical-align: middle;\">Xuất xứ thương hiệu</td>\r\n	<td style=\"vertical-align: middle;\">Mỹ</td>\r\n    <tr>\r\n    <tr>\r\n	<td style=\"vertical-align: middle;\">Sản xuất tại</td>\r\n	<td style=\"vertical-align: middle;\">Việt Nam</td>\r\n    <tr>\r\n    <tr>\r\n	<td style=\"vertical-align: middle;\">Chất liệu</td>\r\n	<td style=\"vertical-align: middle;\">Vải canvas mix da lộn</td>\r\n    <tr>\r\n</table>\r\n<br>\r\n<img src=\"https://bizweb.dktcdn.net/thumb/grande/100/347/923/products/vn0a4bv6v8v-2.png?v=1564383977370\" />\r\n<img src=\"https://bizweb.dktcdn.net/thumb/grande/100/347/923/products/vn0a4bv6v8v-4.png?v=1564383977370\" />\r\n<img src=\"https://bizweb.dktcdn.net/thumb/grande/100/347/923/products/vn0a4bv6v8v-3.png?v=1564383977370\" />', 1, 4, 4, 10, 1),
(62, 'Giày Vans SK8-Hi Alien Ghosts', 'Vans SK8-Hi Alien Ghosts.jpg', 2050000, 0.1, 'Giày Vans Sk8- Hi Alien Ghosts đột phá với chi tiết phản quang trendy, sử dụng kết hợp chất liệu vải Canvas truyền thống, thoáng mát, kết hợp với da lộn được phối ở mũi giày và đế giày mang đến cho bạn sự thoải mái khi di chuyển.giày Vans Sk8- Hi được thiết kế cho những môn thể thao mạo hiểm như trượt ván, xe đạp BMX, mô tô đua v.v... đảm bảo độ bền chắc và có độ bám tốt.', '<h3>THÔNG TIN SẢN PHẨM</h3>\r\n<br>\r\n<table border=\"1\" style=\"border-collapse:collapse; width: 500px; height: 200px; text-align: center;\">\r\n    <tr>\r\n	<td style=\"vertical-align: middle;\">Thương hiệu</td>\r\n	<td style=\"vertical-align: middle;\"><a href=\"http://project.com/product.php?id=4\">Vans</a></td>\r\n    <tr>\r\n    <tr>\r\n	<td style=\"vertical-align: middle;\">Xuất xứ thương hiệu</td>\r\n	<td style=\"vertical-align: middle;\">Mỹ</td>\r\n    <tr>\r\n    <tr>\r\n	<td style=\"vertical-align: middle;\">Sản xuất tại</td>\r\n	<td style=\"vertical-align: middle;\">Việt Nam</td>\r\n    <tr>\r\n    <tr>\r\n	<td style=\"vertical-align: middle;\">Chất liệu</td>\r\n	<td style=\"vertical-align: middle;\">Vải canvas mix da lộn</td>\r\n    <tr>\r\n</table>\r\n<br>\r\n<img src=\"https://bizweb.dktcdn.net/thumb/grande/100/347/923/products/vn0a4bv6tb1-5.jpg?v=1574254949950\" />\r\n<img src=\"https://bizweb.dktcdn.net/thumb/grande/100/347/923/products/vn0a4bv6tb1-3.jpg?v=1574254949950\" />', 1, 5, 4, 1, 1),
(63, 'Giày Vans Sk8 Hi All - White', 'Vans Sk8 Hi All White.png', 1850000, 0.4, 'Siêu năng động, cá tính với mẫu cao cổ. Với sắc trắng tinh khôi dù bạn phối với đồng phục, hay vest man, váy bánh bèo cho đến chân váy năng động cá tính thì đều phù hợp hết.\r\n\r\n', '<h3>TH&Ocirc;NG TIN SẢN PHẨM</h3>\r\n\r\n<p>&nbsp;</p>\r\n\r\n<table border=\"1\" cellspacing=\"0\" style=\"border-collapse:collapse; height:200px; width:500px\">\r\n	<tbody>\r\n		<tr>\r\n			<td style=\"vertical-align:middle\">Thương hiệu</td>\r\n			<td style=\"vertical-align:middle\"><a href=\"http://project.com/product.php?id=4\">Vans</a></td>\r\n		</tr>\r\n		<tr>\r\n		</tr>\r\n		<tr>\r\n			<td style=\"vertical-align:middle\">Xuất xứ thương hiệu</td>\r\n			<td style=\"vertical-align:middle\">Mỹ</td>\r\n		</tr>\r\n		<tr>\r\n		</tr>\r\n		<tr>\r\n			<td style=\"vertical-align:middle\">Sản xuất tại</td>\r\n			<td style=\"vertical-align:middle\">Việt Nam</td>\r\n		</tr>\r\n		<tr>\r\n		</tr>\r\n		<tr>\r\n			<td style=\"vertical-align:middle\">Chất liệu</td>\r\n			<td style=\"vertical-align:middle\">Vải canvas mix da lộn</td>\r\n		</tr>\r\n		<tr>\r\n		</tr>\r\n	</tbody>\r\n</table>\r\n\r\n<p><br />\r\n<img src=\"https://file.hstatic.net/1000250895/file/sk8_tr_2_grande.jpg\" /> <img src=\"https://bizweb.dktcdn.net/100/347/923/files/vn000d5iw00-5.png?v=1586252741748\" /></p>\r\n\r\n<p>&nbsp;</p>\r\n', 1, 2, 4, 10, 2),
(64, 'Giày Converse Chuck Taylor All Star - Black', 'Converse Chuck Taylor All Star - All Black.jpg', 2950000, 0.2, 'Classic All Black cao cổ mang lại cảm giác năng động, trẻ trung. Che khuyết điểm chân to ngang, với các bạn chân chọn cao cổ sẽ không lo nhấc gót nữa.', '<h3><strong>TH&Ocirc;NG TIN SẢN PHẨM</strong></h3>\r\n<p>&nbsp;</p>\r\n<table border=\"1\" cellspacing=\"0\" style=\"border-collapse:collapse; height:200px; width:500px; text-align:center\">\r\n	<tbody>\r\n		<tr>\r\n			<td style=\"vertical-align:middle\">Thương hiệu</td>\r\n			<td style=\"vertical-align:middle\"><a href=\"http://project.com/product.php?id=6\">Converse</a></td>\r\n		</tr>\r\n		<tr>\r\n			<td style=\"vertical-align:middle\">Xuất xứ thương hiệu</td>\r\n			<td style=\"vertical-align:middle\">Mỹ</td>\r\n		</tr>\r\n		<tr>\r\n			<td style=\"vertical-align:middle\">Sản xuất tại</td>\r\n			<td style=\"vertical-align:middle\">Việt Nam</td>\r\n		</tr>\r\n		<tr>\r\n			<td style=\"vertical-align:middle\">Chất liệu</td>\r\n			<td style=\"vertical-align:middle\">Vải canvas</td>\r\n		</tr>\r\n	</tbody>\r\n</table>\r\n<p>&nbsp;</p>\r\n<h3><strong>M&Ocirc; TẢ SẢN PHẨM</strong></h3>\r\n<p>&nbsp;</p>\r\n<p>Để n&oacute;i về một sản phẩm vừa đơn giản, vừa thanh lịch, vừa chất lượng v&agrave; cực kỳ dễ sử dụng, ph&ugrave; hợp với nhiều ho&agrave;n cảnh, độ tuổi v&agrave; c&aacute;c phong c&aacute;ch thời trang kh&aacute;c nhau, kh&ocirc;ng thể n&agrave;o kh&ocirc;ng nhắc tới d&ograve;ng sản phẩm gi&agrave;y Converse Classic - Chuck Taylor All Star Low Top được. D&ograve;ng sản phẩm n&agrave;y được những t&iacute;n đồ thời trang tr&ecirc;n khắp thế giới đ&aacute;nh gi&aacute; l&agrave; must-have item đ&aacute;ng sở hữu nhất mọi thời đại.</p>\r\n<p><br />\r\n<img src=\"https://bizweb.dktcdn.net/thumb/grande/100/347/923/files/23ecd7059f6779392076.jpg?v=1570596042260\" /> \r\n<img src=\"https://bizweb.dktcdn.net/thumb/grande/100/347/923/files/f291dd4b952973772a38.jpg?v=1570596106951\" />\r\n</p>', 1, 4, 6, 14, 1),
(65, 'Giày Converse Chuck Taylor All Star - Red', 'Giày Converse Chuck Taylor All Star - Red.png', 2400000, 0.15, 'Classic Red cao cổ mang lại cảm giác năng động, trẻ trung và nổi bật.', '<h3><strong>TH&Ocirc;NG TIN SẢN PHẨM</strong></h3>\r\n\r\n<p>&nbsp;</p>\r\n\r\n<table border=\"1\" cellspacing=\"0\" style=\"border-collapse:collapse; height:200px; width:500px; text-align:center\">\r\n	<tbody>\r\n		<tr>\r\n			<td style=\"vertical-align:middle\">Thương hiệu</td>\r\n			<td style=\"vertical-align:middle\"><a href=\"http://project.com/product.php?id=6\">Converse</a></td>\r\n		</tr>\r\n		<tr>\r\n		</tr>\r\n		<tr>\r\n			<td style=\"vertical-align:middle\">Xuất xứ thương hiệu</td>\r\n			<td style=\"vertical-align:middle\">Mỹ</td>\r\n		</tr>\r\n		<tr>\r\n		</tr>\r\n		<tr>\r\n			<td style=\"vertical-align:middle\">Sản xuất tại</td>\r\n			<td style=\"vertical-align:middle\">Việt Nam</td>\r\n		</tr>\r\n		<tr>\r\n		</tr>\r\n		<tr>\r\n			<td style=\"vertical-align:middle\">Chất liệu</td>\r\n			<td style=\"vertical-align:middle\">Vải canvas</td>\r\n		</tr>\r\n		<tr>\r\n		</tr>\r\n	</tbody>\r\n</table>\r\n\r\n<p>&nbsp;</p>\r\n\r\n<h3><strong>M&Ocirc; TẢ SẢN PHẨM</strong></h3>\r\n\r\n<p>&nbsp;</p>\r\n\r\n<p>Để n&oacute;i về một sản phẩm vừa đơn giản, vừa thanh lịch, vừa chất lượng v&agrave; cực kỳ dễ sử dụng, ph&ugrave; hợp với nhiều ho&agrave;n cảnh, độ tuổi v&agrave; c&aacute;c phong c&aacute;ch thời trang kh&aacute;c nhau, kh&ocirc;ng thể n&agrave;o kh&ocirc;ng nhắc tới d&ograve;ng sản phẩm gi&agrave;y Converse Classic - Chuck Taylor All Star Low Top được. D&ograve;ng sản phẩm n&agrave;y được những t&iacute;n đồ thời trang tr&ecirc;n khắp thế giới đ&aacute;nh gi&aacute; l&agrave; must-have item đ&aacute;ng sở hữu nhất mọi thời đại.</p>\r\n\r\n<p><br />\r\n<img src=\"https://bizweb.dktcdn.net/thumb/grande/100/347/923/files/9392891cf67e1020496f.jpg?v=1570594731773\" /> <img src=\"https://bizweb.dktcdn.net/thumb/large/100/347/923/files/a95a79de06bce0e2b9ad-1ab59be8-cb6e-4436-b780-e8e15f86bea2.jpg?v=1570595392213\" /></p>\r\n', 1, 5, 6, 14, 2),
(66, 'Giày Converse Chuck Taylor All Star - Navy', 'Converse Chuck Taylor All Star - Navy.png', 2300000, 0.1, 'Giày Converse classic là dòng bán chạy số 1 của Converse. Với 6 sắc màu cơ bản thì đen trắng là màu dễ phối được nhiều bạn tin chọn. Đôi giày mà ai cũng nên có vì độ bền, độ đẹp và siêu dễ phối đồ, hợp với tất cả thể loại trang phục.', '<h3><strong>TH&Ocirc;NG TIN SẢN PHẨM</strong></h3>\r\n<p>&nbsp;</p>\r\n<table border=\"1\" cellspacing=\"0\" style=\"border-collapse:collapse; height:200px; width:500px; text-align:center\">\r\n	<tbody>\r\n		<tr>\r\n			<td style=\"vertical-align:middle\">Thương hiệu</td>\r\n			<td style=\"vertical-align:middle\"><a href=\"http://project.com/product.php?id=6\">Converse</a></td>\r\n		</tr>\r\n		<tr>\r\n		</tr>\r\n		<tr>\r\n			<td style=\"vertical-align:middle\">Xuất xứ thương hiệu</td>\r\n			<td style=\"vertical-align:middle\">Mỹ</td>\r\n		</tr>\r\n		<tr>\r\n		</tr>\r\n		<tr>\r\n			<td style=\"vertical-align:middle\">Sản xuất tại</td>\r\n			<td style=\"vertical-align:middle\">Việt Nam</td>\r\n		</tr>\r\n		<tr>\r\n		</tr>\r\n		<tr>\r\n			<td style=\"vertical-align:middle\">Chất liệu</td>\r\n			<td style=\"vertical-align:middle\">Vải canvas</td>\r\n		</tr>\r\n		<tr>\r\n		</tr>\r\n	</tbody>\r\n</table>\r\n<p>&nbsp;</p>\r\n<h3><strong>M&Ocirc; TẢ SẢN PHẨM</strong></h3>\r\n<p>&nbsp;</p>\r\n<p>Để n&oacute;i về một sản phẩm vừa đơn giản, vừa thanh lịch, vừa chất lượng v&agrave; cực kỳ dễ sử dụng, ph&ugrave; hợp với nhiều ho&agrave;n cảnh, độ tuổi v&agrave; c&aacute;c phong c&aacute;ch thời trang kh&aacute;c nhau, kh&ocirc;ng thể n&agrave;o kh&ocirc;ng nhắc tới d&ograve;ng sản phẩm gi&agrave;y Converse Classic - Chuck Taylor All được. D&ograve;ng sản phẩm n&agrave;y được những t&iacute;n đồ thời trang tr&ecirc;n khắp thế giới đ&aacute;nh gi&aacute; l&agrave; must-have item đ&aacute;ng sở hữu nhất mọi thời đại. H&atilde;y c&ugrave;ng Project.com t&igrave;m hiểu kỹ hơn về d&ograve;ng sản phẩm n&agrave;y của Converse nh&eacute;!</p>\r\n<p><br />\r\n<img src=\"https://bizweb.dktcdn.net/thumb/grande/100/347/923/files/dadd52362a54cc0a9545.jpg?v=1570590922921\" /> <img src=\"https://bizweb.dktcdn.net/thumb/grande/100/347/923/files/70999544ed260b785237.jpg?v=1570591081260\" />\r\n</p>\r\n\r\n\r\n', 1, 6, 6, 14, 2),
(67, 'Giày Converse Chuck Taylor All Star - Scream', 'Converse Chuck Taylor All Star - White Scream.jpg', 2200000, 0.1, 'Giày Converse classic có màu sắc đơn giản nhưng không gây ra sự đơn điệu, các tông màu từ đen, đỏ, trắng, be, hồng… đều không quá lố mà với tông cực trẻ trung, hợp thời trang và hợp với nhiều phong cách thời trang khác nhau. \r\n', '<h3><strong>TH&Ocirc;NG TIN SẢN PHẨM</strong></h3>\r\n\r\n<p>&nbsp;</p>\r\n\r\n<table border=\"1\" cellspacing=\"0\" style=\"border-collapse:collapse; height:200px; width:500px; text-align:center\">\r\n	<tbody>\r\n		<tr>\r\n			<td style=\"vertical-align:middle\">Thương hiệu</td>\r\n			<td style=\"vertical-align:middle\"><a href=\"http://project.com/product.php?id=6\">Converse</a></td>\r\n		</tr>\r\n		<tr>\r\n		</tr>\r\n		<tr>\r\n			<td style=\"vertical-align:middle\">Xuất xứ thương hiệu</td>\r\n			<td style=\"vertical-align:middle\">Mỹ</td>\r\n		</tr>\r\n		<tr>\r\n		</tr>\r\n		<tr>\r\n			<td style=\"vertical-align:middle\">Sản xuất tại</td>\r\n			<td style=\"vertical-align:middle\">Việt Nam</td>\r\n		</tr>\r\n		<tr>\r\n		</tr>\r\n		<tr>\r\n			<td style=\"vertical-align:middle\">Chất liệu</td>\r\n			<td style=\"vertical-align:middle\">Vải canvas</td>\r\n		</tr>\r\n		<tr>\r\n		</tr>\r\n	</tbody>\r\n</table>\r\n\r\n<p>&nbsp;</p>\r\n\r\n<h3><strong>M&Ocirc; TẢ SẢN PHẨM</strong></h3>\r\n\r\n<p>&nbsp;</p>\r\n\r\n<p>Để n&oacute;i về một sản phẩm vừa đơn giản, vừa thanh lịch, vừa chất lượng v&agrave; cực kỳ dễ sử dụng, ph&ugrave; hợp với nhiều ho&agrave;n cảnh, độ tuổi v&agrave; c&aacute;c phong c&aacute;ch thời trang kh&aacute;c nhau, kh&ocirc;ng thể n&agrave;o kh&ocirc;ng nhắc tới d&ograve;ng sản phẩm gi&agrave;y Converse Classic - Chuck Taylor All được. D&ograve;ng sản phẩm n&agrave;y được những t&iacute;n đồ thời trang tr&ecirc;n khắp thế giới đ&aacute;nh gi&aacute; l&agrave; must-have item đ&aacute;ng sở hữu nhất mọi thời đại. H&atilde;y c&ugrave;ng Project.com t&igrave;m hiểu kỹ hơn về d&ograve;ng sản phẩm n&agrave;y của Converse nh&eacute;!</p>\r\n\r\n<p><br />\r\n<img src=\"https://bizweb.dktcdn.net/thumb/grande/100/347/923/files/6b7e28dc50beb6e0efaf.jpg?v=1570591807566\" /> <img src=\"https://bizweb.dktcdn.net/thumb/grande/100/347/923/files/b20504947cf69aa8c3e7.jpg?v=1570592021167\" /></p>\r\n', 1, 5, 6, 14, 2),
(68, 'Giày Converse Chuck Taylor All Star - Black', 'Converse Chuck Taylor All Star - Black.jpg', 2460000, 0.1, 'Nhắc đến tên dòng sản phẩm này - giày Converse classic đã đủ để thấy được sự basic của nó. Và BST Chuck Taylor All Star Classic đã chứng tỏ được vị thế của những đôi giày chất lượng - đơn giản - giá cả phải chăng của mình khi nó lọt top những sản phẩm đáng sở hữu nhất mà ai cũng nên có một đôi.', '<h3><strong>TH&Ocirc;NG TIN SẢN PHẨM</strong></h3>\r\n\r\n<p>&nbsp;</p>\r\n\r\n<table border=\"1\" cellspacing=\"0\" style=\"border-collapse:collapse; height:200px; width:500px\">\r\n	<tbody>\r\n		<tr>\r\n			<td style=\"vertical-align:middle\">Thương hiệu</td>\r\n			<td style=\"vertical-align:middle\"><a href=\"http://project.com/product.php?id=6\">Converse</a></td>\r\n		</tr>\r\n		<tr>\r\n		</tr>\r\n		<tr>\r\n			<td style=\"vertical-align:middle\">Xuất xứ thương hiệu</td>\r\n			<td style=\"vertical-align:middle\">Mỹ</td>\r\n		</tr>\r\n		<tr>\r\n		</tr>\r\n		<tr>\r\n			<td style=\"vertical-align:middle\">Sản xuất tại</td>\r\n			<td style=\"vertical-align:middle\">Việt Nam</td>\r\n		</tr>\r\n		<tr>\r\n		</tr>\r\n		<tr>\r\n			<td style=\"vertical-align:middle\">Chất liệu</td>\r\n			<td style=\"vertical-align:middle\">Vải canvas</td>\r\n		</tr>\r\n		<tr>\r\n		</tr>\r\n	</tbody>\r\n</table>\r\n\r\n<p>&nbsp;</p>\r\n\r\n<h3><strong>M&Ocirc; TẢ SẢN PHẨM</strong></h3>\r\n\r\n<p>&nbsp;</p>\r\n\r\n<p>Để n&oacute;i về một sản phẩm vừa đơn giản, vừa thanh lịch, vừa chất lượng v&agrave; cực kỳ dễ sử dụng, ph&ugrave; hợp với nhiều ho&agrave;n cảnh, độ tuổi v&agrave; c&aacute;c phong c&aacute;ch thời trang kh&aacute;c nhau, kh&ocirc;ng thể n&agrave;o kh&ocirc;ng nhắc tới d&ograve;ng sản phẩm gi&agrave;y Converse Classic - Chuck Taylor All được. D&ograve;ng sản phẩm n&agrave;y được những t&iacute;n đồ thời trang tr&ecirc;n khắp thế giới đ&aacute;nh gi&aacute; l&agrave; must-have item đ&aacute;ng sở hữu nhất mọi thời đại. H&atilde;y c&ugrave;ng Project.com t&igrave;m hiểu kỹ hơn về d&ograve;ng sản phẩm n&agrave;y của Converse nh&eacute;!</p>\r\n\r\n<p><br />\r\n<img src=\"https://bizweb.dktcdn.net/thumb/grande/100/347/923/files/0d577f7e061ce042b90d.jpg?v=1570589879615\" /> <img src=\"https://bizweb.dktcdn.net/thumb/grande/100/347/923/files/174efa378355650b3c44.jpg?v=1570589964880\" /></p>\r\n', 1, 7, 6, 14, 1),
(69, 'Giày Converse Chuck Taylor All Star - Silver', 'Converse Chuck Taylor All Star - Silver.jpg', 2100000, 0.2, 'Lần này, với Converse Flight School, hãng tiếp tục remix hình bóng ngôi sao của mình với một bộ đồ đôi hàng không , được lấy cảm hứng từ giày da. Converse \"Flight School\" được reworks phong cách chữ ký với da sáng bóng theo phong cách của áo khoác bomber và spacesuits.', '<h3><strong>TH&Ocirc;NG TIN SẢN PHẨM</strong></h3>\r\n\r\n<p>&nbsp;</p>\r\n\r\n<table border=\"1\" cellspacing=\"0\" style=\"border-collapse:collapse; height:200px; width:500px; text-align:center\">\r\n	<tbody>\r\n		<tr>\r\n			<td style=\"vertical-align:middle\">Thương hiệu</td>\r\n			<td style=\"vertical-align:middle\"><a href=\"http://project.com/product.php?id=6\">Converse</a></td>\r\n		</tr>\r\n		<tr>\r\n		</tr>\r\n		<tr>\r\n			<td style=\"vertical-align:middle\">Xuất xứ thương hiệu</td>\r\n			<td style=\"vertical-align:middle\">Mỹ</td>\r\n		</tr>\r\n		<tr>\r\n		</tr>\r\n		<tr>\r\n			<td style=\"vertical-align:middle\">Sản xuất tại</td>\r\n			<td style=\"vertical-align:middle\">Việt Nam</td>\r\n		</tr>\r\n		<tr>\r\n		</tr>\r\n		<tr>\r\n			<td style=\"vertical-align:middle\">Chất liệu</td>\r\n			<td style=\"vertical-align:middle\">Vải canvas</td>\r\n		</tr>\r\n		<tr>\r\n		</tr>\r\n	</tbody>\r\n</table>\r\n\r\n<p>&nbsp;</p>\r\n\r\n<h3><strong>M&Ocirc; TẢ SẢN PHẨM</strong></h3>\r\n\r\n<p>&nbsp;</p>\r\n\r\n<p>Để n&oacute;i về một sản phẩm vừa đơn giản, vừa thanh lịch, vừa chất lượng v&agrave; cực kỳ dễ sử dụng, ph&ugrave; hợp với nhiều ho&agrave;n cảnh, độ tuổi v&agrave; c&aacute;c phong c&aacute;ch thời trang kh&aacute;c nhau, kh&ocirc;ng thể n&agrave;o kh&ocirc;ng nhắc tới d&ograve;ng sản phẩm gi&agrave;y Converse Classic - Chuck Taylor All được. D&ograve;ng sản phẩm n&agrave;y được những t&iacute;n đồ thời trang tr&ecirc;n khắp thế giới đ&aacute;nh gi&aacute; l&agrave; must-have item đ&aacute;ng sở hữu nhất mọi thời đại. H&atilde;y c&ugrave;ng Project.com t&igrave;m hiểu kỹ hơn về d&ograve;ng sản phẩm n&agrave;y của Converse nh&eacute;!</p>\r\n\r\n<p><br />\r\n<img src=\"https://bizweb.dktcdn.net/thumb/grande/100/347/923/products/165050c-4-ff75df8e-b9eb-4f2a-b541-cbcf977046dd.jpg?v=1562838550657\" /> \r\n<img src=\"https://bizweb.dktcdn.net/thumb/grande/100/347/923/products/165050c-1-1a76eccc-fd8e-4966-a654-6f82b0bb1277.jpg?v=1562838550657\" /> \r\n<img src=\"https://bizweb.dktcdn.net/thumb/grande/100/347/923/products/165050c-5-79fd690f-7fb0-42e4-b401-9e0509f9f4e7.jpg?v=1562838550657\" /> \r\n<img src=\"https://bizweb.dktcdn.net/thumb/grande/100/347/923/products/165050c-2-0f652f27-e9fa-4b6b-9294-87a6b4704b06.jpg?v=1562838550657\" /></p>\r\n', 1, 5, 6, 14, 1),
(70, 'Giày Converse Chuck Taylor All Star - Purple ', 'Converse Chuck Taylor All Star - Purple.jpg', 2150000, 0.1, 'THÔNG TIN SẢN PHẨM Thương hiệu Converse Xuất xứ thương hiệu Mỹ Sản xuất tại Việt Nam', '<h3><strong>TH&Ocirc;NG TIN SẢN PHẨM</strong></h3>\r\n\r\n<p>&nbsp;</p>\r\n\r\n<table border=\"1\" cellspacing=\"0\" style=\"border-collapse:collapse; height:200px; width:500px; text-align:center\">\r\n	<tbody>\r\n		<tr>\r\n			<td style=\"vertical-align:middle\">Thương hiệu</td>\r\n			<td style=\"vertical-align:middle\"><a href=\"http://project.com/product.php?id=6\">Converse</a></td>\r\n		</tr>\r\n		<tr>\r\n		</tr>\r\n		<tr>\r\n			<td style=\"vertical-align:middle\">Xuất xứ thương hiệu</td>\r\n			<td style=\"vertical-align:middle\">Mỹ</td>\r\n		</tr>\r\n		<tr>\r\n		</tr>\r\n		<tr>\r\n			<td style=\"vertical-align:middle\">Sản xuất tại</td>\r\n			<td style=\"vertical-align:middle\">Việt Nam</td>\r\n		</tr>\r\n		<tr>\r\n		</tr>\r\n		<tr>\r\n			<td style=\"vertical-align:middle\">Chất liệu</td>\r\n			<td style=\"vertical-align:middle\">Vải canvas</td>\r\n		</tr>\r\n		<tr>\r\n		</tr>\r\n	</tbody>\r\n</table>\r\n\r\n<p>&nbsp;</p>\r\n\r\n<h3><strong>M&Ocirc; TẢ SẢN PHẨM</strong></h3>\r\n\r\n<p>&nbsp;</p>\r\n\r\n<p>Để n&oacute;i về một sản phẩm vừa đơn giản, vừa thanh lịch, vừa chất lượng v&agrave; cực kỳ dễ sử dụng, ph&ugrave; hợp với nhiều ho&agrave;n cảnh, độ tuổi v&agrave; c&aacute;c phong c&aacute;ch thời trang kh&aacute;c nhau, kh&ocirc;ng thể n&agrave;o kh&ocirc;ng nhắc tới d&ograve;ng sản phẩm gi&agrave;y Converse Classic - Chuck Taylor All được. D&ograve;ng sản phẩm n&agrave;y được những t&iacute;n đồ thời trang tr&ecirc;n khắp thế giới đ&aacute;nh gi&aacute; l&agrave; must-have item đ&aacute;ng sở hữu nhất mọi thời đại. H&atilde;y c&ugrave;ng Project.com t&igrave;m hiểu kỹ hơn về d&ograve;ng sản phẩm n&agrave;y của Converse nh&eacute;!</p>\r\n\r\n<p><br />\r\n<img src=\"https://bizweb.dktcdn.net/thumb/grande/100/347/923/files/165049-4.jpg?v=1570768452109\" /> <img src=\"https://bizweb.dktcdn.net/thumb/grande/100/347/923/products/165050c-1-1a76eccc-fd8e-4966-a654-6f82b0bb1277.jpg?v=1562838550657\" /> <img src=\"https://bizweb.dktcdn.net/thumb/grande/100/347/923/files/165049-1.jpg?v=1570768412436\" /> <img src=\"https://bizweb.dktcdn.net/thumb/grande/100/347/923/files/165049c-5.jpg?v=1570768506613\" /></p>\r\n', 1, 4, 6, 14, 2),
(71, 'Giày Converse Jack Purcell Leather - White', 'Converse Jack Purcell Leather White - Low.png', 2000000, 0.2, 'Converse Jack Purcell là một thương hiệu giày chơi cầu lông được sáng lập vào năm 1935 bởi nhà vô địch cầu lông thế giới người Canada, John Edward \"Jack\" Purcell. Với thiết kế tương đối giống các mẫu Converse Chuck Taylor All Star, điểm nhấn nổi bật của dòng Converse Jack Purcell chính là biểu tượng mặt cười ở phần mũi giày.', '<h3><strong>TH&Ocirc;NG TIN SẢN PHẨM</strong></h3>\r\n<p>&nbsp;</p>\r\n<table border=\"1\" cellspacing=\"0\" style=\"border-collapse:collapse; height:200px; width:500px; text-align:center\">\r\n	<tbody>\r\n		<tr>\r\n			<td style=\"vertical-align:middle\">Thương hiệu</td>\r\n			<td style=\"vertical-align:middle\"><a href=\"http://project.com/product.php?id=6\">Converse</a></td>\r\n		</tr>\r\n		<tr>\r\n			<td style=\"vertical-align:middle\">Xuất xứ thương hiệu</td>\r\n			<td style=\"vertical-align:middle\">Mỹ</td>\r\n		</tr>\r\n		<tr>\r\n			<td style=\"vertical-align:middle\">Sản xuất tại</td>\r\n			<td style=\"vertical-align:middle\">Việt Nam</td>\r\n		</tr>\r\n		<tr>\r\n			<td style=\"vertical-align:middle\">Chất liệu</td>\r\n			<td style=\"vertical-align:middle\">Vải canvas</td>\r\n		</tr>\r\n	</tbody>\r\n</table>\r\n<p>&nbsp;</p>\r\n<h3><strong>M&Ocirc; TẢ SẢN PHẨM</strong></h3>\r\n<p>&nbsp;</p>\r\n<p>Nụ cười nghiêng nước nghiêng thành thường được nhắc đến trong các phim cổ trang võ thuật, trong thế giới giày thời trang cũng có một nụ cười như thế - nụ cười mỉm độc đáo của Converse Jack Purcell. Nụ cười này đi từ sân cầu lông đến với Hollywood và thế giới thời trang.\r\n</p>\r\n<p><br />\r\n<img src=\"https://bizweb.dktcdn.net/thumb/grande/100/347/923/products/164225-2.png?v=1558770584017\" /> \r\n<img src=\"https://bizweb.dktcdn.net/thumb/grande/100/347/923/products/164225-3.png?v=1558770584017\" />\r\n<img src=\"https://bizweb.dktcdn.net/thumb/grande/100/347/923/products/164225-4.png?v=1558770584017\" />\r\n<img src=\"https://bizweb.dktcdn.net/thumb/grande/100/347/923/products/164225-5.png?v=1558770584017\" /> \r\n</p>', 1, 3, 6, 13, 2),
(72, 'Giày Converse Jack Purcell Leather - Black', 'Converse Jack Purcell Leather Black.png', 1700000, 0.3, 'Converse Jack Purcell là một thương hiệu giày chơi cầu lông được sáng lập vào năm 1935 bởi nhà vô địch cầu lông thế giới người Canada, John Edward \"Jack\" Purcell. Với thiết kế tương đối giống các mẫu Converse Chuck Taylor All Star, điểm nhấn nổi bật của dòng Converse Jack Purcell chính là biểu tượng mặt cười ở phần mũi giày.', '<h3><strong>TH&Ocirc;NG TIN SẢN PHẨM</strong></h3>\r\n<p>&nbsp;</p>\r\n<table border=\"1\" cellspacing=\"0\" style=\"border-collapse:collapse; height:200px; width:500px; text-align:center\">\r\n	<tbody>\r\n		<tr>\r\n			<td style=\"vertical-align:middle\">Thương hiệu</td>\r\n			<td style=\"vertical-align:middle\"><a href=\"http://project.com/product.php?id=6\">Converse</a></td>\r\n		</tr>\r\n		<tr>\r\n			<td style=\"vertical-align:middle\">Xuất xứ thương hiệu</td>\r\n			<td style=\"vertical-align:middle\">Mỹ</td>\r\n		</tr>\r\n		<tr>\r\n			<td style=\"vertical-align:middle\">Sản xuất tại</td>\r\n			<td style=\"vertical-align:middle\">Việt Nam</td>\r\n		</tr>\r\n		<tr>\r\n			<td style=\"vertical-align:middle\">Chất liệu</td>\r\n			<td style=\"vertical-align:middle\">Vải canvas</td>\r\n		</tr>\r\n	</tbody>\r\n</table>\r\n<p>&nbsp;</p>\r\n<h3><strong>M&Ocirc; TẢ SẢN PHẨM</strong></h3>\r\n<p>&nbsp;</p>\r\n<p>Nụ cười nghiêng nước nghiêng thành thường được nhắc đến trong các phim cổ trang võ thuật, trong thế giới giày thời trang cũng có một nụ cười như thế - nụ cười mỉm độc đáo của Converse Jack Purcell. Nụ cười này đi từ sân cầu lông đến với Hollywood và thế giới thời trang.\r\n</p>\r\n<p><br />\r\n<img src=\"https://bizweb.dktcdn.net/thumb/grande/100/347/923/products/164056-4.png?v=1558769736360\" /> \r\n<img src=\"https://bizweb.dktcdn.net/thumb/grande/100/347/923/products/164056-5.png?v=1558769736360\" />\r\n<img src=\"https://bizweb.dktcdn.net/thumb/grande/100/347/923/products/164056-6.png?v=1558769736360\" />\r\n<img src=\"https://bizweb.dktcdn.net/thumb/grande/100/347/923/products/164056-2.png?v=1558769736360 \" /> \r\n</p>\r\n', 1, 4, 6, 13, 1),
(73, 'Giày Converse Jack Purcell Leather - Green', 'Converse Jack Purcell Leather Green.png', 1600000, 0.2, 'Jack Purcell là một thương hiệu giày chơi cầu lông được sáng lập vào năm 1935 bởi nhà vô địch cầu lông thế giới người Canada, John Edward \"Jack\" Purcell. Với thiết kế tương đối giống các mẫu Converse Chuck Taylor All Stars, điểm nhấn nổi bật của dòng Jack Purcell chính là biểu tượng mặt cười ở phần mũi giày.', '\r\n<h3><strong>M&Ocirc; TẢ SẢN PHẨM</strong></h3>\r\n<p>&nbsp;</p>\r\n<p>Được gọi là mẫu giày cao cấp nhất nhì Converse, với nụ cười mỉm độc đáo của mình, Jack Purcell đã mê hoặc James Dean, Beatles và Icon Kurt Cobain; Bên cạnh đó Junya Watanabe, Number（N）ine, mastermind JAPAN, Undercover cũng không thể cưỡng lại sự quyến rũ của nụ cười ấy, trở thành một trong những mẫu giày được tôn sùng trên sân thời trang. Trải qua hơn nửa thế kỷ, nụ cười ấy đi khắp thế giới, xưng vương trong giới Low Tech Sneakers, sau nhiều chuyển biến, chữ ký Jack Purcell cùng nụ cuời độc đáo đó vẫn được gìn giữ đến nay.</p>\r\n<p>&nbsp;</p>\r\n<p>Các sản phẩm Converse Jack Purcell nổi tiếng về độ bền, nhẹ cũng như sự thoải mái cho người sử dụng. Cùng với đó là thiết kế đơn giản và thanh lịch giúp chúng thích hợp với hầu hết mọi thứ trong tủ quần áo của bạn. Và bộ sưu tập mùa thu 2014 của Jack Purcell vẫn giữ nguyên những tiêu chí nói trên. Với những tông màu không quá lòe loẹt như đen, xám hay nâu gỉ, bạn có thể mang những đôi giày này khi đi học, đi làm hay thậm chí là dự tiệc mà vẫn không bao giờ sợ lỗi mốt.</p>\r\n<p>&nbsp;</p>\r\n<p>Nụ cười nghiêng nước nghiêng thành thường được nhắc đến trong các phim cổ trang võ thuật, trong thế giới giày thời trang cũng có một nụ cười như thế - nụ cười mỉm độc đáo của Jack Purcell. Nụ cười này đi từ sân cầu lông đến với Hollywood và thế giới thời trang</p>\r\n<p>&nbsp;</p>\r\n<p>Phần hông đế được sáng tạo bằng cách đẩy midsole, phần trên cao hơn phần dưới nâng tính hiện đại, trẻ trung cho sản phẩm, không thể thiếu chi tiết miệng cười kinh điển, đặc trưng riêng của dòng Jack Purcell.</p>', 1, 1, 6, 13, 2),
(74, 'Giày Converse Jack Purcell Leather - Black', 'Giày Converse Jack Purcell Leather Black.png', 1600000, 0.2, 'Jack Purcell là một thương hiệu giày chơi cầu lông được sáng lập vào năm 1935 bởi nhà vô địch cầu lông thế giới người Canada, John Edward \"Jack\" Purcell. Với thiết kế tương đối giống các mẫu Converse Chuck Taylor All Stars, điểm nhấn nổi bật của dòng Jack Purcell chính là biểu tượng mặt cười ở phần mũi giày.', '<h3><strong>M&Ocirc; TẢ SẢN PHẨM</strong></h3>\r\n<p>&nbsp;</p>\r\n<p>Được gọi là mẫu giày cao cấp nhất nhì Converse, với nụ cười mỉm độc đáo của mình, Jack Purcell đã mê hoặc James Dean, Beatles và Icon Kurt Cobain; Bên cạnh đó Junya Watanabe, Number（N）ine, mastermind JAPAN, Undercover cũng không thể cưỡng lại sự quyến rũ của nụ cười ấy, trở thành một trong những mẫu giày được tôn sùng trên sân thời trang. Trải qua hơn nửa thế kỷ, nụ cười ấy đi khắp thế giới, xưng vương trong giới Low Tech Sneakers, sau nhiều chuyển biến, chữ ký Jack Purcell cùng nụ cuời độc đáo đó vẫn được gìn giữ đến nay.</p>\r\n<p>&nbsp;</p>\r\n<p>Các sản phẩm Converse Jack Purcell nổi tiếng về độ bền, nhẹ cũng như sự thoải mái cho người sử dụng. Cùng với đó là thiết kế đơn giản và thanh lịch giúp chúng thích hợp với hầu hết mọi thứ trong tủ quần áo của bạn. Và bộ sưu tập mùa thu 2014 của Jack Purcell vẫn giữ nguyên những tiêu chí nói trên. Với những tông màu không quá lòe loẹt như đen, xám hay nâu gỉ, bạn có thể mang những đôi giày này khi đi học, đi làm hay thậm chí là dự tiệc mà vẫn không bao giờ sợ lỗi mốt.</p>\r\n<p>&nbsp;</p>\r\n<p>Nụ cười nghiêng nước nghiêng thành thường được nhắc đến trong các phim cổ trang võ thuật, trong thế giới giày thời trang cũng có một nụ cười như thế - nụ cười mỉm độc đáo của Jack Purcell. Nụ cười này đi từ sân cầu lông đến với Hollywood và thế giới thời trang</p>\r\n<p>&nbsp;</p>\r\n<p>Phần hông đế được sáng tạo bằng cách đẩy midsole, phần trên cao hơn phần dưới nâng tính hiện đại, trẻ trung cho sản phẩm, không thể thiếu chi tiết miệng cười kinh điển, đặc trưng riêng của dòng Jack Purcell.</p>', 1, 5, 6, 13, 1),
(75, 'Giày Converse Jack Purcell Leather - Silver', 'Converse Jack Purcell Leather Silver.png', 1800000, 0.25, 'Converse Jack Purcell là một thương hiệu giày chơi cầu lông được sáng lập vào năm 1935 bởi nhà vô địch cầu lông thế giới người Canada, John Edward \"Jack\" Purcell. Với thiết kế tương đối giống các mẫu Converse Chuck Taylor All Star, điểm nhấn nổi bật của dòng Converse Jack Purcell chính là biểu tượng mặt cười ở phần mũi giày.', '<h3><strong>M&Ocirc; TẢ SẢN PHẨM</strong></h3>\r\n<p>&nbsp;</p>\r\n<p>Được gọi là mẫu giày cao cấp nhất nhì Converse, với nụ cười mỉm độc đáo của mình, Jack Purcell đã mê hoặc James Dean, Beatles và Icon Kurt Cobain; Bên cạnh đó Junya Watanabe, Number（N）ine, mastermind JAPAN, Undercover cũng không thể cưỡng lại sự quyến rũ của nụ cười ấy, trở thành một trong những mẫu giày được tôn sùng trên sân thời trang. Trải qua hơn nửa thế kỷ, nụ cười ấy đi khắp thế giới, xưng vương trong giới Low Tech Sneakers, sau nhiều chuyển biến, chữ ký Jack Purcell cùng nụ cuời độc đáo đó vẫn được gìn giữ đến nay.</p>\r\n<p>&nbsp;</p>\r\n<p>Các sản phẩm Converse Jack Purcell nổi tiếng về độ bền, nhẹ cũng như sự thoải mái cho người sử dụng. Cùng với đó là thiết kế đơn giản và thanh lịch giúp chúng thích hợp với hầu hết mọi thứ trong tủ quần áo của bạn. Và bộ sưu tập mùa thu 2014 của Jack Purcell vẫn giữ nguyên những tiêu chí nói trên. Với những tông màu không quá lòe loẹt như đen, xám hay nâu gỉ, bạn có thể mang những đôi giày này khi đi học, đi làm hay thậm chí là dự tiệc mà vẫn không bao giờ sợ lỗi mốt.</p>\r\n<p>&nbsp;</p>\r\n<p>Nụ cười nghiêng nước nghiêng thành thường được nhắc đến trong các phim cổ trang võ thuật, trong thế giới giày thời trang cũng có một nụ cười như thế - nụ cười mỉm độc đáo của Jack Purcell. Nụ cười này đi từ sân cầu lông đến với Hollywood và thế giới thời trang</p>\r\n<p>&nbsp;</p>\r\n<p>Phần hông đế được sáng tạo bằng cách đẩy midsole, phần trên cao hơn phần dưới nâng tính hiện đại, trẻ trung cho sản phẩm, không thể thiếu chi tiết miệng cười kinh điển, đặc trưng riêng của dòng Jack Purcell.</p>', 1, 6, 6, 13, 1);
INSERT INTO `san_pham` (`ma_san_pham`, `ten_san_pham`, `anh`, `gia`, `sales`, `mo_ta`, `noi_dung`, `tinh_trang`, `ma_size`, `ma_hang`, `ma_loai_san_pham`, `ma_danh_muc`) VALUES
(76, 'Giày Converse Jack Purcell Jack Teak', 'Giày Converse Jack Purcell Jack Teak.png', 1600000, 0.15, 'Jack Purcell là một thương hiệu giày chơi cầu lông được sáng lập vào năm 1935 bởi nhà vô địch cầu lông thế giới người Canada, John Edward \"Jack\" Purcell. Với thiết kế tương đối giống các mẫu Converse Chuck Taylor All Stars, điểm nhấn nổi bật của dòng Jack Purcell chính là biểu tượng mặt cười ở phần mũi giày.', '<h3><strong>M&Ocirc; TẢ SẢN PHẨM</strong></h3>\r\n<p>&nbsp;</p>\r\n<p>Được gọi là mẫu giày cao cấp nhất nhì Converse, với nụ cười mỉm độc đáo của mình, Jack Purcell đã mê hoặc James Dean, Beatles và Icon Kurt Cobain; Bên cạnh đó Junya Watanabe, Number（N）ine, mastermind JAPAN, Undercover cũng không thể cưỡng lại sự quyến rũ của nụ cười ấy, trở thành một trong những mẫu giày được tôn sùng trên sân thời trang. Trải qua hơn nửa thế kỷ, nụ cười ấy đi khắp thế giới, xưng vương trong giới Low Tech Sneakers, sau nhiều chuyển biến, chữ ký Jack Purcell cùng nụ cuời độc đáo đó vẫn được gìn giữ đến nay.</p>\r\n<p>&nbsp;</p>\r\n<p>Các sản phẩm Converse Jack Purcell nổi tiếng về độ bền, nhẹ cũng như sự thoải mái cho người sử dụng. Cùng với đó là thiết kế đơn giản và thanh lịch giúp chúng thích hợp với hầu hết mọi thứ trong tủ quần áo của bạn. Và bộ sưu tập mùa thu 2014 của Jack Purcell vẫn giữ nguyên những tiêu chí nói trên. Với những tông màu không quá lòe loẹt như đen, xám hay nâu gỉ, bạn có thể mang những đôi giày này khi đi học, đi làm hay thậm chí là dự tiệc mà vẫn không bao giờ sợ lỗi mốt.</p>\r\n<p>&nbsp;</p>\r\n<p>Nụ cười nghiêng nước nghiêng thành thường được nhắc đến trong các phim cổ trang võ thuật, trong thế giới giày thời trang cũng có một nụ cười như thế - nụ cười mỉm độc đáo của Jack Purcell. Nụ cười này đi từ sân cầu lông đến với Hollywood và thế giới thời trang</p>\r\n<p>&nbsp;</p>\r\n<p>Phần hông đế được sáng tạo bằng cách đẩy midsole, phần trên cao hơn phần dưới nâng tính hiện đại, trẻ trung cho sản phẩm, không thể thiếu chi tiết miệng cười kinh điển, đặc trưng riêng của dòng Jack Purcell.</p>', 1, 4, 6, 13, 1),
(77, 'Giày Converse Jack Purcell Jack Ripstop', 'Giày Converse Jack Purcell Jack Micro Ripstop.png', 1500000, 0.15, 'Jack Purcell là một thương hiệu giày chơi cầu lông được sáng lập vào năm 1935 bởi nhà vô địch cầu lông thế giới người Canada, John Edward \"Jack\" Purcell . Với thiết kế tương đối giống các mẫu Converse Chuck Taylor All Stars, điểm nhấn nổi bật của dòng Jack Purcell chính là biểu tượng mặt cười ở phần mũi giày.', '<h3><strong>M&Ocirc; TẢ SẢN PHẨM</strong></h3>\r\n\r\n<p>&nbsp;</p>\r\n\r\n<p>Được gọi l&agrave; mẫu gi&agrave;y cao cấp nhất nh&igrave; Converse, với nụ cười mỉm độc đ&aacute;o của m&igrave;nh, Jack Purcell đ&atilde; m&ecirc; hoặc James Dean, Beatles v&agrave; Icon Kurt Cobain; B&ecirc;n cạnh đ&oacute; Junya Watanabe, Number（N）ine, mastermind JAPAN, Undercover cũng kh&ocirc;ng thể cưỡng lại sự quyến rũ của nụ cười ấy, trở th&agrave;nh một trong những mẫu gi&agrave;y được t&ocirc;n s&ugrave;ng tr&ecirc;n s&acirc;n thời trang. Trải qua hơn nửa thế kỷ, nụ cười ấy đi khắp thế giới, xưng vương trong giới Low Tech Sneakers, sau nhiều chuyển biến, chữ k&yacute; Jack Purcell c&ugrave;ng nụ cuời độc đ&aacute;o đ&oacute; vẫn được g&igrave;n giữ đến nay.</p>\r\n\r\n<p>&nbsp;</p>\r\n\r\n<p>C&aacute;c sản phẩm Converse Jack Purcell nổi tiếng về độ bền, nhẹ cũng như sự thoải m&aacute;i cho người sử dụng. C&ugrave;ng với đ&oacute; l&agrave; thiết kế đơn giản v&agrave; thanh lịch gi&uacute;p ch&uacute;ng th&iacute;ch hợp với hầu hết mọi thứ trong tủ quần &aacute;o của bạn. V&agrave; bộ sưu tập m&ugrave;a thu 2014 của Jack Purcell vẫn giữ nguy&ecirc;n những ti&ecirc;u ch&iacute; n&oacute;i tr&ecirc;n. Với những t&ocirc;ng m&agrave;u kh&ocirc;ng qu&aacute; l&ograve;e loẹt như đen, x&aacute;m hay n&acirc;u gỉ, bạn c&oacute; thể mang những đ&ocirc;i gi&agrave;y n&agrave;y khi đi học, đi l&agrave;m hay thậm ch&iacute; l&agrave; dự tiệc m&agrave; vẫn kh&ocirc;ng bao giờ sợ lỗi mốt.</p>\r\n\r\n<p>&nbsp;</p>\r\n\r\n<p>Nụ cười nghi&ecirc;ng nước nghi&ecirc;ng th&agrave;nh thường được nhắc đến trong c&aacute;c phim cổ trang v&otilde; thuật, trong thế giới gi&agrave;y thời trang cũng c&oacute; một nụ cười như thế - nụ cười mỉm độc đ&aacute;o của Jack Purcell. Nụ cười n&agrave;y đi từ s&acirc;n cầu l&ocirc;ng đến với Hollywood v&agrave; thế giới thời trang</p>\r\n\r\n<p>&nbsp;</p>\r\n\r\n<p>Phần h&ocirc;ng đế được s&aacute;ng tạo bằng c&aacute;ch đẩy midsole, phần tr&ecirc;n cao hơn phần dưới n&acirc;ng t&iacute;nh hiện đại, trẻ trung cho sản phẩm, kh&ocirc;ng thể thiếu chi tiết miệng cười kinh điển, đặc trưng ri&ecirc;ng của d&ograve;ng Jack Purcell.</p>\r\n', 1, 4, 6, 13, 2),
(78, 'Giày Converse Jack Purcell First - White', 'Giày Converse Jack Purcell First In Class White.png', 960000, 0.1, 'Converse Jack Purcell là một thương hiệu giày chơi cầu lông được sáng lập vào năm 1935 bởi nhà vô địch cầu lông thế giới người Canada, John Edward \"Jack\" Purcell. Với thiết kế tương đối giống các mẫu Converse Chuck Taylor All Star, điểm nhấn nổi bật của dòng Converse Jack Purcell chính là biểu tượng mặt cười ở phần mũi giày.', '<h3><strong>TH&Ocirc;NG TIN SẢN PHẨM</strong></h3>\r\n<p>&nbsp;</p>\r\n<table border=\"1\" cellspacing=\"0\" style=\"border-collapse:collapse; height:200px; width:500px; text-align:center\">\r\n	<tbody>\r\n		<tr>\r\n			<td style=\"vertical-align:middle\">Thương hiệu</td>\r\n			<td style=\"vertical-align:middle\"><a href=\"http://project.com/product.php?id=6\">Converse</a></td>\r\n		</tr>\r\n		<tr>\r\n			<td style=\"vertical-align:middle\">Xuất xứ thương hiệu</td>\r\n			<td style=\"vertical-align:middle\">Mỹ</td>\r\n		</tr>\r\n		<tr>\r\n			<td style=\"vertical-align:middle\">Sản xuất tại</td>\r\n			<td style=\"vertical-align:middle\">Việt Nam</td>\r\n		</tr>\r\n		<tr>\r\n			<td style=\"vertical-align:middle\">Chất liệu</td>\r\n			<td style=\"vertical-align:middle\">Vải canvas</td>\r\n		</tr>\r\n	</tbody>\r\n</table>\r\n<p>&nbsp;</p>\r\n<h3><strong>M&Ocirc; TẢ SẢN PHẨM</strong></h3>\r\n<p>&nbsp;</p>\r\n<p>Nụ cười nghiêng nước nghiêng thành thường được nhắc đến trong các phim cổ trang võ thuật, trong thế giới giày thời trang cũng có một nụ cười như thế - nụ cười mỉm độc đáo của Converse Jack Purcell. Nụ cười này đi từ sân cầu lông đến với Hollywood và thế giới thời trang.\r\n</p>\r\n<p><br />\r\n<img src=\"https://bizweb.dktcdn.net/thumb/grande/100/347/923/products/164057-3.png?v=1558770140467\" /> \r\n<img src=\"https://bizweb.dktcdn.net/thumb/grande/100/347/923/products/164057-2.png?v=1558770140467\" />\r\n<img src=\"https://bizweb.dktcdn.net/thumb/grande/100/347/923/products/164057-4.png?v=1558770140467\" />\r\n<img src=\"https://bizweb.dktcdn.net/thumb/grande/100/347/923/products/164057-1.png?v=1558770140467\" /> \r\n</p>', 1, 3, 6, 13, 2),
(79, 'Giày Puma Smash v2 Leather Perf', 'Puma Smash v2 Leather Perf.jpg', 2480000, 0.15, 'Giày Puma Smash v2 Leather Perf mang màu sắc giản dị trắng đen nhưng đi vô cùng êm.', '<h3><strong>THÔNG TIN SẢN PHẨM</strong></h3>\r\n<p>&nbsp;</p>\r\n<p>- Chất liệu: 71% Leather, 29% Synthetic</p>\r\n<p>- Phom dáng cổ điển thời trang</p>\r\n<p>- Phối logo Puma ở gót giày và má ngoài</p>\r\n<p>- Đệm cổ chân êm ái</p>\r\n<p>- Đế cao su tạo sự thoải mái khi di chuyển và hoạt động thể thao</p>', 1, 3, 5, 11, 1),
(80, 'Giày Adidas Alphaboost - Dove Grey', 'Adidas Alphaboost - Dove Grey.jpg', 3500000, 0.2, 'Giày Adidas Alphaboost - Dove Grey được thiết kế gọn nhẹ, để giày siêu êm tạo cảm giác dễ chịu khi mang.\r\n', '<h3><strong>Gi&agrave;y Adidas Alphaboost - Dove Grey</strong></h3>\r\n\r\n<p>&nbsp;</p>\r\n\r\n<p>Đ&Ocirc;I GI&Agrave;Y C&Oacute; ĐỘ N&Acirc;NG ĐỠ TỐT D&Agrave;NH CHO CHẠY BỘ V&Agrave; TẬP GYM.</p>\r\n\r\n<p>&nbsp;</p>\r\n\r\n<p>Thoải m&aacute;i tập luyện theo mọi chiều hướng. Mẫu gi&agrave;y chạy adidas n&agrave;y n&acirc;ng đỡ đ&ocirc;i ch&acirc;n bạn trong qu&aacute; tr&igrave;nh tập luyện cường độ cao. Th&acirc;n gi&agrave;y bằng vải lưới với kiểu d&aacute;ng &ocirc;m s&aacute;t b&agrave;n ch&acirc;n như một đ&ocirc;i tất. Lớp đệm mật độ k&eacute;p mang đến cảm gi&aacute;c thoải m&aacute;i v&agrave; ổn định cho c&aacute;c động t&aacute;c cắt nhanh v&agrave; di chuyển sang ngang.</p>\r\n\r\n<p><br />\r\n<img src=\"https://assets.adidas.com/images/w_600,f_auto,q_auto/61400ff02ff24f24aee0aabf017ef694_9366/Giay_Alphaboost_Mau_xam_EG1440.jpg\" /></p>\r\n', 1, 5, 3, 6, 1),
(81, 'Giày Adidas Alphaboost - Cloud White', 'Adidas Alphaboost - Cloud White.jpg', 3500000, 0.2, 'Giày Adidas Alphaboost - Cloud White được thiết kế gọn nhẹ, để giày siêu êm tạo cảm giác dễ chịu khi mang.', '<h3><strong>Gi&agrave;y Adidas Alphaboost - Cloud White</strong></h3>\r\n\r\n<p>&nbsp;</p>\r\n\r\n<p>Đ&Ocirc;I GI&Agrave;Y C&Oacute; ĐỘ N&Acirc;NG ĐỠ TỐT D&Agrave;NH CHO CHẠY BỘ V&Agrave; TẬP GYM.</p>\r\n\r\n<p>&nbsp;</p>\r\n\r\n<p>Thoải m&aacute;i tập luyện theo mọi chiều hướng. Mẫu gi&agrave;y chạy adidas n&agrave;y n&acirc;ng đỡ đ&ocirc;i ch&acirc;n bạn trong qu&aacute; tr&igrave;nh tập luyện cường độ cao. Th&acirc;n gi&agrave;y bằng vải lưới với kiểu d&aacute;ng &ocirc;m s&aacute;t b&agrave;n ch&acirc;n như một đ&ocirc;i tất. Lớp đệm mật độ k&eacute;p mang đến cảm gi&aacute;c thoải m&aacute;i v&agrave; ổn định cho c&aacute;c động t&aacute;c cắt nhanh v&agrave; di chuyển sang ngang.</p>\r\n\r\n<p><br />\r\n<img src=\"https://assets.adidas.com/images/w_600,f_auto,q_auto/f31d60c36be740b8a68caace017c51c7_9366/Giay_Alphaboost_Mau_trang_EG1441.jpg\" /></p>\r\n', 1, 4, 3, 6, 2),
(82, 'Giày Adidas Ultraboost PB - Core Black', 'Adidas Alphaboost - Core Black.jpg', 5000000, 0.3, 'Giày Adidas Ultraboost- Core Black được thiết kế gọn nhẹ, để giày siêu êm tạo cảm giác dễ chịu khi mang.\r\n', '<h3><strong>Gi&agrave;y Adidas Ultraboost- Core Black</strong></h3>\r\n\r\n<p>&nbsp;</p>\r\n\r\n<p>GI&Agrave;Y SI&Ecirc;U NHẸ VỚI LỚP ĐỆM Đ&Agrave;N HỒI.</p>\r\n\r\n<p>&nbsp;</p>\r\n\r\n<p>Giải ph&oacute;ng bước chạy thần tốc b&ecirc;n trong bạn. Đ&ocirc;i gi&agrave;y Ultraboost PB n&agrave;y mang kiểu d&aacute;ng thanh tho&aacute;t c&ugrave;ng cảm gi&aacute;c đ&agrave;n hồi v&agrave; thoải m&aacute;i của d&ograve;ng Ultraboost để bạn sẵn s&agrave;ng thi đấu v&agrave; n&acirc;ng cao th&agrave;nh t&iacute;ch. Th&acirc;n gi&agrave;y bằng vải lưới nhẹ nhất m&agrave; adidas từng sản xuất. C&aacute;c v&ugrave;ng n&acirc;ng đỡ b&ecirc;n trong cố định b&agrave;n ch&acirc;n khi bạn chạy về đ&iacute;ch. Hoạ tiết 3 Sọc lấy cảm hứng từ thư ph&aacute;p Nhật Bản. Nh&igrave;n đ&atilde; nhanh, chạy c&agrave;ng nhanh.</p>\r\n\r\n<p><br />\r\n<img src=\"https://assets.adidas.com/images/w_600,f_auto,q_auto/1c79d7e798324c2da33fab18009ab59f_9366/Giay_Ultraboost_PB_Mau_djen_EG0419.jpg\" /></p>\r\n', 1, 5, 3, 5, 2),
(83, 'Giày Adidas Ultraboost PB - Dash Grey', 'Adidas Ultraboost PB - Dash Grey.jpg', 5000000, 0.25, 'Giày Adidas Ultraboost PB- Dash Grey được thiết kế gọn nhẹ, để giày siêu êm tạo cảm giác dễ chịu khi mang.', '<h3><strong>Gi&agrave;y Adidas Alphaboost - Dash Grey</strong></h3>\r\n\r\n<p>&nbsp;</p>\r\n\r\n<p>GI&Agrave;Y SI&Ecirc;U NHẸ VỚI LỚP ĐỆM Đ&Agrave;N HỒI.</p>\r\n\r\n<p>&nbsp;</p>\r\n\r\n<p>Giải ph&oacute;ng bước chạy thần tốc b&ecirc;n trong bạn. Đ&ocirc;i gi&agrave;y Ultraboost PB n&agrave;y mang kiểu d&aacute;ng thanh tho&aacute;t c&ugrave;ng cảm gi&aacute;c đ&agrave;n hồi v&agrave; thoải m&aacute;i của d&ograve;ng Ultraboost để bạn sẵn s&agrave;ng thi đấu v&agrave; n&acirc;ng cao th&agrave;nh t&iacute;ch. Th&acirc;n gi&agrave;y bằng vải lưới nhẹ nhất m&agrave; adidas từng sản xuất. C&aacute;c v&ugrave;ng n&acirc;ng đỡ b&ecirc;n trong cố định b&agrave;n ch&acirc;n khi bạn chạy về đ&iacute;ch. Hoạ tiết 3 Sọc lấy cảm hứng từ thư ph&aacute;p Nhật Bản. Nh&igrave;n đ&atilde; nhanh, chạy c&agrave;ng nhanh.</p>\r\n\r\n<p><br />\r\n<img src=\"https://assets.adidas.com/images/w_600,f_auto,q_auto/6fbb1d48760c4f49ae4fab1f008b4d58_9366/Giay_Ultraboost_PB_Mau_trang_EF0888.jpg\" /></p>\r\n', 1, 5, 3, 5, 2),
(84, 'Giày Adidas Ultraboost PB - Grey Three', 'Adidas Ultraboost PB - Grey Three.jpg', 5000000, 0.35, 'Giày Adidas Ultraboost PB- Grey Three được thiết kế gọn nhẹ, để giày siêu êm tạo cảm giác dễ chịu khi mang.', '<h3><strong>Gi&agrave;y Adidas Alphaboost - Grey Three</strong></h3>\r\n\r\n<p>&nbsp;</p>\r\n\r\n<p>GI&Agrave;Y SI&Ecirc;U NHẸ VỚI LỚP ĐỆM Đ&Agrave;N HỒI.</p>\r\n\r\n<p>&nbsp;</p>\r\n\r\n<p>Giải ph&oacute;ng bước chạy thần tốc b&ecirc;n trong bạn. Đ&ocirc;i gi&agrave;y Ultraboost PB n&agrave;y mang kiểu d&aacute;ng thanh tho&aacute;t c&ugrave;ng cảm gi&aacute;c đ&agrave;n hồi v&agrave; thoải m&aacute;i của d&ograve;ng Ultraboost để bạn sẵn s&agrave;ng thi đấu v&agrave; n&acirc;ng cao th&agrave;nh t&iacute;ch. Th&acirc;n gi&agrave;y bằng vải lưới nhẹ nhất m&agrave; adidas từng sản xuất. C&aacute;c v&ugrave;ng n&acirc;ng đỡ b&ecirc;n trong cố định b&agrave;n ch&acirc;n khi bạn chạy về đ&iacute;ch. Hoạ tiết 3 Sọc lấy cảm hứng từ thư ph&aacute;p Nhật Bản. Nh&igrave;n đ&atilde; nhanh, chạy c&agrave;ng nhanh.</p>\r\n\r\n<p><br />\r\n<img src=\"https://assets.adidas.com/images/w_600,f_auto,q_auto/1ba0adf60bcf42579472ab2900b45ac3_9366/Giay_Ultraboost_PB_Mau_xam_EF0890.jpg\" /></p>\r\n', 1, 4, 3, 5, 2),
(85, 'Giày Adidas Ultraboost PB - Collegiate Navy', 'Adidas Ultraboost PB - COLLEGIATE NAVY.jpg', 5000000, 0.3, 'Giày Adidas Ultraboost PB- Collegiate Navy được thiết kế gọn nhẹ, để giày siêu êm tạo cảm giác dễ chịu khi mang.', '<h3><strong>Gi&agrave;y Adidas Alphaboost - Collegiate Navy</strong></h3>\r\n\r\n<p>&nbsp;</p>\r\n\r\n<p>GI&Agrave;Y SI&Ecirc;U NHẸ VỚI LỚP ĐỆM Đ&Agrave;N HỒI.</p>\r\n\r\n<p>&nbsp;</p>\r\n\r\n<p>Giải ph&oacute;ng bước chạy thần tốc b&ecirc;n trong bạn. Đ&ocirc;i gi&agrave;y Ultraboost PB n&agrave;y mang kiểu d&aacute;ng thanh tho&aacute;t c&ugrave;ng cảm gi&aacute;c đ&agrave;n hồi v&agrave; thoải m&aacute;i của d&ograve;ng Ultraboost để bạn sẵn s&agrave;ng thi đấu v&agrave; n&acirc;ng cao th&agrave;nh t&iacute;ch. Th&acirc;n gi&agrave;y bằng vải lưới nhẹ nhất m&agrave; adidas từng sản xuất. C&aacute;c v&ugrave;ng n&acirc;ng đỡ b&ecirc;n trong cố định b&agrave;n ch&acirc;n khi bạn chạy về đ&iacute;ch. Hoạ tiết 3 Sọc lấy cảm hứng từ thư ph&aacute;p Nhật Bản. Nh&igrave;n đ&atilde; nhanh, chạy c&agrave;ng nhanh.</p>\r\n\r\n<p><br />\r\n<img src=\"https://assets.adidas.com/images/w_600,f_auto,q_auto/1ed62e2acded40a28d5aab2c00b19ddc_9366/Giay_Ultraboost_PB_Mau_xanh_duong_FU6753.jpg\" /></p>\r\n', 1, 5, 3, 5, 2),
(86, 'Giày Adidas Ultraboost 20 - Solar Red', 'Adidas Ultraboost 20 - Solar Red.jpg', 5000000, 0.35, 'Giày Adidas Ultraboost 20 - Solar Red được thiết kế gọn nhẹ, để giày siêu êm tạo cảm giác dễ chịu khi mang.', '<h3><strong>Giày Adidas Ultraboost 20 - Solar Red</strong></h3>\r\n<p>&nbsp;</p>\r\n<p>KIỂM SOÁT LỰC KHI CHẠM ĐẤT, THOẢI MÁI TRONG TỪNG BƯỚC CHẠY.</p>\r\n<p>&nbsp;</p>\r\n<p>Mỗi ngày mới. Mỗi buổi chạy mới. Hãy tận dụng tối đa. Đôi giày hiệu năng cao này có thân giày bằng vải dệt kim ôm chân. Các đường may trong trợ lực được bố trí chuẩn xác để tạo độ nâng đỡ ở đúng những vị trí cần thiết. Gót giày làm từ chất liệu elastane mềm mại cho độ ôm thoải mái hơn. Lớp đệm đàn hồi hoàn trả năng lượng cho từng sải bước tạo cảm giác như có thể chạy mãi mãi.</p>\r\n<p><br />\r\n<img src=\"https://assets.adidas.com/images/w_600,f_auto,q_auto/e08ed07ac4bb4977b7fcab0b00addf1a_9366/Giay_UltraBoost_20_Mau_djo_EG0700.jpg\" /></p>', 1, 7, 3, 5, 1),
(87, 'Giày Adidas Ultraboost 20 - Core Black', 'Adidas Ultraboost 20 - Core Black1.jpg', 5000000, 0.3, 'Giày Adidas Ultraboost 20 - Core Black được thiết kế gọn nhẹ, để giày siêu êm tạo cảm giác dễ chịu khi mang.', '<h3><strong>Giày Adidas Ultraboost 20 - Core Black</strong></h3>\r\n<p>&nbsp;</p>\r\n<p>KIỂM SOÁT LỰC KHI CHẠM ĐẤT, THOẢI MÁI TRONG TỪNG BƯỚC CHẠY.</p>\r\n<p>&nbsp;</p>\r\n<p>Mỗi ngày mới. Mỗi buổi chạy mới. Hãy tận dụng tối đa. Đôi giày hiệu năng cao này có thân giày bằng vải dệt kim ôm chân. Các đường may trong trợ lực được bố trí chuẩn xác để tạo độ nâng đỡ ở đúng những vị trí cần thiết. Gót giày làm từ chất liệu elastane mềm mại cho độ ôm thoải mái hơn. Lớp đệm đàn hồi hoàn trả năng lượng cho từng sải bước tạo cảm giác như có thể chạy mãi mãi.</p>\r\n<p><br />\r\n<img src=\"https://assets.adidas.com/images/w_600,f_auto,q_auto/77f408d6bb1042cb9fe2ab5700f6e9c6_9366/Giay_UltraBoost_20_Mau_djen_FW5523.jpg\" /></p>', 1, 6, 3, 5, 1),
(88, 'Giày Adidas Ultraboost 20 - Grey Three', 'Adidas Ultraboost 20 - Grey Three.jpg', 5000000, 0.25, 'Giày Adidas Ultraboost 20 - Grey Three được thiết kế gọn nhẹ, để giày siêu êm tạo cảm giác dễ chịu khi mang.', '<h3><strong>Giày Adidas Ultraboost 20 - Grey Three</strong></h3>\r\n<p>&nbsp;</p>\r\n<p>KIỂM SOÁT LỰC KHI CHẠM ĐẤT, THOẢI MÁI TRONG TỪNG BƯỚC CHẠY.</p>\r\n<p>&nbsp;</p>\r\n<p>Mỗi ngày mới. Mỗi buổi chạy mới. Hãy tận dụng tối đa. Đôi giày hiệu năng cao này có thân giày bằng vải dệt kim ôm chân. Các đường may trong trợ lực được bố trí chuẩn xác để tạo độ nâng đỡ ở đúng những vị trí cần thiết. Gót giày làm từ chất liệu elastane mềm mại cho độ ôm thoải mái hơn. Lớp đệm đàn hồi hoàn trả năng lượng cho từng sải bước tạo cảm giác như có thể chạy mãi mãi.</p>\r\n<p><br />\r\n<img src=\"https://assets.adidas.com/images/w_600,f_auto,q_auto/e47772646f0e468a84f6ab0b00bb2ebb_9366/Giay_UltraBoost_20_Mau_xam_EG0705.jpg\" /></p>', 1, 9, 3, 5, 1),
(89, 'Giày Adidas Ultraboost 20 - Crystal White', 'Adidas Ultraboost 20 - Crystal White.jpg', 5000000, 0.2, 'Giày Adidas Ultraboost 20 - Crystal White được thiết kế gọn nhẹ, để giày siêu êm tạo cảm giác dễ chịu khi mang.', '<h3><strong>Giày Adidas Ultraboost 20 - Crystal White</strong></h3>\r\n<p>&nbsp;</p>\r\n<p>KIỂM SOÁT LỰC KHI CHẠM ĐẤT, THOẢI MÁI TRONG TỪNG BƯỚC CHẠY.</p>\r\n<p>&nbsp;</p>\r\n<p>Mỗi ngày mới. Mỗi buổi chạy mới. Hãy tận dụng tối đa. Đôi giày hiệu năng cao này có thân giày bằng vải dệt kim ôm chân. Các đường may trong trợ lực được bố trí chuẩn xác để tạo độ nâng đỡ ở đúng những vị trí cần thiết. Gót giày làm từ chất liệu elastane mềm mại cho độ ôm thoải mái hơn. Lớp đệm đàn hồi hoàn trả năng lượng cho từng sải bước tạo cảm giác như có thể chạy mãi mãi.</p>\r\n<p><br />\r\n<img src=\"https://assets.adidas.com/images/w_600,f_auto,q_auto/04a0ea79358d43668c3aab18009c81bd_9366/Giay_UltraBoost_20_Mau_trang_EG0708.jpg\" /></p>', 1, 10, 3, 5, 1),
(90, 'Giày Adidas Ultraboost 20 - Blue Violet', 'Adidas Ultraboost 20 - Blue Violet.jpg', 5000000, 0.3, 'Giày Adidas Ultraboost 20 - Blue Violet được thiết kế gọn nhẹ, để giày siêu êm tạo cảm giác dễ chịu khi mang.', '<h3><strong>Giày Adidas Ultraboost 20 - Blue Violet</strong></h3>\r\n<p>&nbsp;</p>\r\n<p>KIỂM SOÁT LỰC KHI CHẠM ĐẤT, THOẢI MÁI TRONG TỪNG BƯỚC CHẠY.</p>\r\n<p>&nbsp;</p>\r\n<p>Mỗi ngày mới. Mỗi buổi chạy mới. Hãy tận dụng tối đa. Đôi giày hiệu năng cao này có thân giày bằng vải dệt kim ôm chân. Các đường may trong trợ lực được bố trí chuẩn xác để tạo độ nâng đỡ ở đúng những vị trí cần thiết. Gót giày làm từ chất liệu elastane mềm mại cho độ ôm thoải mái hơn. Lớp đệm đàn hồi hoàn trả năng lượng cho từng sải bước tạo cảm giác như có thể chạy mãi mãi.</p>\r\n<p><br />\r\n<img src=\"https://assets.adidas.com/images/w_600,f_auto,q_auto/45be7fec00cf450486b2aaea00dd6a57_9366/Giay_UltraBoost_20_Mau_djen_EG0692.jpg\" /></p>', 1, 5, 3, 5, 1),
(91, 'Giày Adidas Ultraboost 20 - Crystal White', 'Adidas Ultraboost 20 - Crystal White1.jpg', 5000000, 0.35, 'Giày Adidas Ultraboost 20 - Crystal White được thiết kế gọn nhẹ, để giày siêu êm tạo cảm giác dễ chịu khi mang.', '<h3><strong>Giày Adidas Ultraboost 20 - Crystal White</strong></h3>\r\n<p>&nbsp;</p>\r\n<p>GIÀY CHẠY HIỆU NĂNG CAO VỚI ĐỘ ÔM VỪA KHÍT.</p>\r\n<p>&nbsp;</p>\r\n<p>Tự tin từ nền tảng. Mẫu giày chạy adidas này được thiết kế giúp bạn tăng tốc trên những dặm đường chạy mỗi ngày. Thân giày bằng vải dệt kim cho độ nâng đỡ từ những đường may trong dựa trên công nghệ ghi hình chuyển động. Gót giày bằng chất liệu elastane mềm mại, thoải mái cho phép gót chân chuyển động tự nhiên. Lớp đệm đàn hồi giúp chuyển động nhịp nhàng và năng lượng trôi chảy.</p>\r\n<p><br />\r\n<img src=\"https://assets.adidas.com/images/w_600,f_auto,q_auto/a897c4aa37a9413cb0b1ab18009cf67b_9366/Giay_UltraBoost_20_Mau_trang_EG0724.jpg\" /></p>\r\n', 1, 5, 3, 5, 2),
(92, 'Giày Adidas Ultraboost 20 - Rose', 'Adidas Ultraboost 20 - Rose.jpg', 5000000, 0.3, 'Giày Adidas Ultraboost 20 - Rose được thiết kế gọn nhẹ, để giày siêu êm tạo cảm giác dễ chịu khi mang.', '<h3><strong>Gi&agrave;y Adidas Ultraboost 20 - Rose</strong></h3>\r\n\r\n<p>&nbsp;</p>\r\n\r\n<p>GI&Agrave;Y CHẠY HIỆU NĂNG CAO VỚI ĐỘ &Ocirc;M VỪA KH&Iacute;T.</p>\r\n\r\n<p>&nbsp;</p>\r\n\r\n<p>Tự tin từ nền tảng. Mẫu gi&agrave;y chạy adidas n&agrave;y được thiết kế gi&uacute;p bạn tăng tốc tr&ecirc;n những dặm đường chạy mỗi ng&agrave;y. Th&acirc;n gi&agrave;y bằng vải dệt kim cho độ n&acirc;ng đỡ từ những đường may trong dựa tr&ecirc;n c&ocirc;ng nghệ ghi h&igrave;nh chuyển động. G&oacute;t gi&agrave;y bằng chất liệu elastane mềm mại, thoải m&aacute;i cho ph&eacute;p g&oacute;t ch&acirc;n chuyển động tự nhi&ecirc;n. Lớp đệm đ&agrave;n hồi gi&uacute;p chuyển động nhịp nh&agrave;ng v&agrave; năng lượng tr&ocirc;i chảy.</p>\r\n\r\n<p><br />\r\n<img src=\"https://assets.adidas.com/images/w_600,f_auto,q_auto/70c322181e65457ab47bab2000cce52e_9366/Giay_UltraBoost_20_Mau_hong_EG0725.jpg\" /></p>\r\n', 1, 6, 3, 5, 2),
(93, 'Giày Adidas Ultraboost 20 - Glory Green', 'Adidas Ultraboost 20 - Glory Green.jpg', 5000000, 0.25, 'Giày Adidas Ultraboost 20 - Glory Green được thiết kế gọn nhẹ, để giày siêu êm tạo cảm giác dễ chịu khi mang.', '<h3><strong>Giày Adidas Ultraboost 20 - Glory Green</strong></h3>\r\n<p>&nbsp;</p>\r\n<p>GIÀY CHẠY HIỆU NĂNG CAO VỚI ĐỘ ÔM VỪA KHÍT.</p>\r\n<p>&nbsp;</p>\r\n<p>Tự tin từ nền tảng. Mẫu giày chạy adidas này được thiết kế giúp bạn tăng tốc trên những dặm đường chạy mỗi ngày. Thân giày bằng vải dệt kim cho độ nâng đỡ từ những đường may trong dựa trên công nghệ ghi hình chuyển động. Gót giày bằng chất liệu elastane mềm mại, thoải mái cho phép gót chân chuyển động tự nhiên. Lớp đệm đàn hồi giúp chuyển động nhịp nhàng và năng lượng trôi chảy.</p>\r\n', 1, 7, 3, 5, 1);

-- --------------------------------------------------------

--
-- Cấu trúc bảng cho bảng `size`
--

CREATE TABLE `size` (
  `ma_size` int(11) NOT NULL,
  `size` varchar(100) DEFAULT NULL
) ENGINE=InnoDB DEFAULT CHARSET=utf8;

--
-- Đang đổ dữ liệu cho bảng `size`
--

INSERT INTO `size` (`ma_size`, `size`) VALUES
(1, '34'),
(2, '35'),
(3, '36'),
(4, '37'),
(5, '38'),
(6, '39'),
(7, '40'),
(8, '41'),
(9, '42'),
(10, '43'),
(11, '45'),
(12, '46');

-- --------------------------------------------------------

--
-- Cấu trúc bảng cho bảng `tin_tuc`
--

CREATE TABLE `tin_tuc` (
  `ma_tin_tuc` int(11) NOT NULL,
  `tieu_de` varchar(255) DEFAULT NULL,
  `noi_dung_ngan` text DEFAULT NULL,
  `noi_dung` text DEFAULT NULL,
  `anh` varchar(255) DEFAULT NULL,
  `ngay_dang_tin` date DEFAULT NULL,
  `tac_gia` varchar(50) DEFAULT NULL
) ENGINE=InnoDB DEFAULT CHARSET=utf8;

--
-- Đang đổ dữ liệu cho bảng `tin_tuc`
--

INSERT INTO `tin_tuc` (`ma_tin_tuc`, `tieu_de`, `noi_dung_ngan`, `noi_dung`, `anh`, `ngay_dang_tin`, `tac_gia`) VALUES
(1, 'Tiger-Striped Nike React – Mẫu giầy “hổ báo” sẽ sớm được diện kiến ra mắt ', 'Những bóng hồng của dòng React – React Presto, mặc dù là một phần của của đại gia đình Swoosh như bao nhân vật khác, có thể thấy trong năm qua nó vẫn chưa thấy được đầu tư mở rộng như React Element 55, 87 hay Air Max 270...', '<p>Những b&oacute;ng hồng của d&ograve;ng React &ndash; React Presto, mặc d&ugrave; l&agrave; một phần của của đại gia đ&igrave;nh Swoosh như bao nh&acirc;n vật kh&aacute;c, c&oacute; thể thấy trong năm qua n&oacute; vẫn chưa thấy được đầu tư mở rộng như React Element 55, 87 hay Air Max 270. Tuy nhi&ecirc;n khởi đầu năm mới 2020, Nike c&oacute; vẻ đang rục rịch chuẩn bị đưa Nike React l&ecirc;n một tầm cao mới &ndash; một thiết kế dự đo&aacute;n sẽ g&acirc;y b&atilde;o trong cộng đồng sneaker &ndash; Tiger-Striped Nike React.</p>\r\n\r\n<p>Tiger-Striped Nike React được thiết kế đặc biệt với hoạ tiết động vật &ndash; đ&uacute;ng với hướng đi của Nike trong thời gian gần đ&acirc;y. Tuy nhi&ecirc;n kh&ocirc;ng giống như c&aacute;c mặt h&agrave;ng chủ lực l&agrave; Air Jordan 3, đ&ocirc;i sneaker n&agrave;y chỉ c&oacute; một điểm nhấn &ndash; đ&oacute; l&agrave; một bản in l&ocirc;ng hổ nổi bật với c&aacute;ch dệt vải tinh tế. Kết cấu cuả đ&ocirc;i React n&agrave;y được lựa chọn gần như ho&agrave;n hảo, m&agrave;u sắc ch&acirc;n thực thay v&igrave; đồ họa 2D &ldquo;ba xu&rdquo;.</p>\r\n\r\n<p>Nh&igrave;n chung th&igrave; tổng thể đ&ocirc;i gi&agrave;y được nhận đầy đủ c&aacute;c chi tiết của một con hổ đ&iacute;ch thực mặc d&ugrave; kh&ocirc;ng c&oacute; bất kỳ tấm da thực tế n&agrave;o. Chi tiết li&ecirc;n kết giữa upper &amp; midsole, d&acirc;y buộc v&agrave; g&oacute;t sau bằng miếng vải h&ograve;a quyện với c&aacute;c sọc th&ocirc;ng qua m&agrave;u đen.</p>\r\n\r\n<p>Đế midsole trắng tinh tươm gi&uacute;p đ&ocirc;i &ldquo;hổ b&aacute;o&rdquo; n&agrave;y trở n&ecirc;n dung ho&agrave;. H&igrave;nh ảnh ở đế sau được khắc hoạ như những đốm lửa cam &amp; đinh t&aacute;n, phối c&ugrave;ng m&agrave;u đen khiến n&oacute; trở l&ecirc;n bốc lửa hơn bao giờ hết.</p>\r\n\r\n<p><em>H&igrave;nh ảnh chi tiết:</em></p>\r\n\r\n<p><img alt=\"Tiger-Striped Nike React \" src=\"https://i0.wp.com/snkrvn.com/wp-content/uploads/2019/12/Tiger-Striped-Nike-React-1.jpg?resize=740%2C519&amp;ssl=1\" /> <img alt=\"Tiger-Striped Nike React \" src=\"https://i2.wp.com/snkrvn.com/wp-content/uploads/2019/12/Tiger-Striped-Nike-React-2.jpg?resize=740%2C519&amp;ssl=1\" /> <img alt=\"Tiger-Striped Nike React \" src=\"https://i1.wp.com/snkrvn.com/wp-content/uploads/2019/12/Tiger-Striped-Nike-React-3.jpg?resize=740%2C740&amp;ssl=1\" /> <img alt=\"Tiger-Striped Nike React \" src=\"https://i0.wp.com/snkrvn.com/wp-content/uploads/2019/12/Tiger-Striped-Nike-React-4.jpg?resize=740%2C519&amp;ssl=1\" /> <img alt=\"Tiger-Striped Nike React \" src=\"https://i0.wp.com/snkrvn.com/wp-content/uploads/2019/12/Tiger-Striped-Nike-React-5.jpg?resize=740%2C519&amp;ssl=1\" /></p>\r\n', 'Tiger-Striped-Nike-React.jpg', '2020-05-04', 'Kim Jong-hyun'),
(2, 'Tiết lộ Adidas ra mắt giày Nemeziz 19+ thế hệ mới', 'Một thế hệ linh động mới đã xuất hiện, khi Adidas cho ra mắt Nemeziz 19 trước phần còn lại của dòng “302 Redirect”. Chiếc giày mới được phát triển đi kèm với một loạt các cải tiến nâng cao, mang đến sự nhanh nhẹn và hiệu suất 360...', '<p>Một thế hệ linh động mới đ&atilde; xuất hiện, khi Adidas cho ra mắt Nemeziz 19 trước phần c&ograve;n lại của d&ograve;ng &ldquo;302 Redirect&rdquo;. Chiếc gi&agrave;y mới được ph&aacute;t triển đi k&egrave;m với một loạt c&aacute;c cải tiến n&acirc;ng cao, mang đến sự nhanh nhẹn v&agrave; hiệu suất 360 cho những cầu thủ như Roberto Firmino, Bernardo Silva, Moise Kean v&agrave; dĩ nhi&ecirc;n l&agrave; Lionel Messi.</p>\r\n\r\n<p><img src=\"https://bizweb.dktcdn.net/100/347/092/files/adidas-ra-mat-giay-nemeziz-19-the-he-moi.jpg?v=1563692544955\" /></p>\r\n\r\n<p>N&oacute; đ&atilde; được n&acirc;ng cấp trong một thời gian, v&agrave; giờ Nemeziz 19 mới cuối c&ugrave;ng đ&atilde; xuất hiện. C&oacute; thể n&oacute;i, Adidas tr&igrave;nh b&agrave;y một trang bị lại cải thiện đ&aacute;ng kể tr&ecirc;n người tiền nhiệm của n&oacute;.</p>\r\n\r\n<p>Đ&ocirc;i khi c&aacute;c bản n&acirc;ng cấp kh&ocirc;ng thực sự l&agrave;m thay đổi t&iacute;nh thẩm mỹ hay thậm ch&iacute; hiệu suất của một mẫu gi&agrave;y, nhưng điều đ&oacute; chắc chắn kh&ocirc;ng xảy ra với Nemeziz 19+ bởi n&oacute; gi&uacute;p cải thiện cấu tr&uacute;c phần tr&ecirc;n mang t&iacute;nh c&aacute;ch mạng cũng như giới thiệu một mặt đế mới.</p>\r\n\r\n<p><img src=\"https://bizweb.dktcdn.net/100/347/092/files/1.jpg?v=1563692556270\" /></p>\r\n\r\n<p>Ra mắt với một bản m&agrave;u đỏ ch&oacute;i lọi với đế ngo&agrave;i m&agrave;u bạc lấp l&aacute;nh, Nemeziz 19+ c&oacute; cấu tr&uacute;c v&agrave; th&agrave;nh phần dệt mới, mang lại sự vừa vặn chưa từng thấy cho ch&acirc;n.</p>\r\n\r\n<p>Băng th&iacute;ch ứng tối đa h&oacute;a sự linh động v&agrave; tăng tốc cho một thay đổi hướng nhanh hơn, trong khi cổ băng h&igrave;nh chữ V mới cho ph&eacute;p xỏ gi&agrave;y v&agrave;o dễ d&agrave;ng v&agrave; &ocirc;m chặt mắt c&aacute; ch&acirc;n m&agrave; kh&ocirc;ng giới hạn chuyển động. N&oacute; cũng mang lại cho Nemeziz 19+ một h&igrave;nh b&oacute;ng hoang d&atilde; kh&ocirc;ng giống với bất cứ thứ g&igrave; bạn đ&atilde; thấy trước đ&acirc;y, dựa tr&ecirc;n di sản m&agrave; Nemeziz đ&atilde; tạo ra cho đến nay.</p>\r\n\r\n<p><img src=\"https://bizweb.dktcdn.net/100/347/092/files/2.jpg?v=1563692613034\" /></p>\r\n\r\n<p>Phải thừa nhận Nemeziz 19+ đ&atilde; g&acirc;y ra sự t&ograve; m&ograve; nhất định bởi đ&ocirc;i gi&agrave;y rất tuyệt vời v&agrave; hứa hẹn nhiều điều hấp dẫn. C&aacute;i nh&igrave;n ấn tượng đầu ti&ecirc;n l&agrave; ba sọc quen thuộc của Adidas nằm ở g&oacute;t ch&acirc;n, kết hợp rực rỡ với phần đến m&agrave;u bạc đứt g&atilde;y. R&otilde; r&agrave;ng, m&agrave;u bạc rất nổi bật, tương phản với m&agrave;u đỏ nền của đ&ocirc;i gi&agrave;y.</p>\r\n\r\n<p>Nemeziz 19 cũng sẽ c&oacute; sẵn với phi&ecirc;n bản 19.1 c&oacute; d&acirc;y buộc, t&ugrave;y thuộc v&agrave;o sở th&iacute;ch của bạn v&agrave; n&oacute; sẽ xuất hiện như một phần của trong d&ograve;ng &ldquo;302 Redirect&rdquo; của Adidas, b&ecirc;n cạnh Predator, COPA v&agrave; X thế hệ mới. Ch&uacute;ng ta hi vọng sẽ thấy tất cả tr&ecirc;n s&acirc;n cỏ trong phần c&ograve;n lại của m&ugrave;a giải 2018/19, trong đ&oacute; c&oacute; cả cả chung kết C&uacute;p C1/Champions League.</p>\r\n', 'Nemeziz-19.jpg', '2020-05-04', 'Kim Jong-hyun'),
(3, 'Ấn định ngày phát hành cho Nike Kyrie Low 2 “Black/Metallic', 'Với mùa giải tiếp theo thi đấu trong màu áo Đen/Trắng cùng Kevin Durant tại Brooklyn Nets, đây sẽ là bộ đôi được dự đoán trở thành ứng cử viên cho chức vô địch năm nay...', '<p>Với m&ugrave;a giải tiếp theo thi đấu trong m&agrave;u &aacute;o Đen/Trắng c&ugrave;ng Kevin Durant tại Brooklyn Nets, đ&acirc;y sẽ l&agrave; bộ đ&ocirc;i được dự đo&aacute;n trở th&agrave;nh ứng cử vi&ecirc;n cho chức v&ocirc; địch năm nay (d&ugrave; th&ocirc;ng tin về việc Kevin Durant c&oacute; khả năng bỏ lỡ m&ugrave;a giải n&agrave;y l&agrave; rất cao).</p>\r\n\r\n<p>Tạm g&aacute;c lại vấn đề n&oacute;i tr&ecirc;n, m&ugrave;a giải NBA 2019-2020 ng&agrave;y một gần kề v&agrave; đ&acirc;y cũng l&agrave; dịp để c&aacute;c thương hiệu tiếp tục giới thiệu đến những mẫu gi&agrave;y b&oacute;ng rổ mới. C&aacute;i t&ecirc;n Nike Kyrie Low đ&atilde; lộ diện thiết kế thứ 2 trong phối m&agrave;u Black/Metallic Silver c&ugrave;ng th&ocirc;ng tin ph&aacute;t h&agrave;nh v&agrave; gi&aacute; b&aacute;n lẻ.</p>\r\n\r\n<p><img alt=\"\" src=\"https://hnbmg.com/wp-content/uploads/nike-kyrie-low-2-av6337-003-3.jpg\" /></p>\r\n\r\n<p>Được x&acirc;y dựng để ph&ugrave; hợp với lối chơi tốc độ v&agrave; mang t&iacute;nh đột ph&aacute; như Kyrie Irving, một thiết kế cổ thấp lu&ocirc;n được đề cao. Chất liệu mesh mỏng v&agrave; nhẹ được d&ugrave;ng cho phần upper với mục đ&iacute;ch cắt giảm c&acirc;n nặng hết mức c&oacute; thể. Hỗ trợ cho người mang trong phi&ecirc;n bản n&agrave;y l&agrave; 2 lớp nhựa cứng đặt ở 2 mặt b&ecirc;n tr&ecirc;n th&acirc;n gi&agrave;y, t&iacute;ch hợp k&egrave;m c&aacute;c mắt xỏ d&acirc;y v&agrave; logo Swoosh m&agrave;u bạc kim. Ở mặt trong, phần nhựa cứng được li&ecirc;n kết chắc chắn với bộ mid-sole. Yếu tố duy nhất được giữ lại ch&iacute;nh l&agrave; bộ đệm Zoom Air, mang đến sự thoải m&aacute;i v&agrave; độ phản hồi nhanh nhạy.</p>\r\n\r\n<p><img alt=\"\" src=\"https://hnbmg.com/wp-content/uploads/nike-kyrie-low-2-av6337-003-6.jpg\" /> <img alt=\"\" src=\"https://hnbmg.com/wp-content/uploads/nike-kyrie-low-2-av6337-003-4.jpg\" /> <img alt=\"\" src=\"https://hnbmg.com/wp-content/uploads/nike-kyrie-low-2-av6337-003-1.jpg\" /> <img alt=\"\" src=\"https://hnbmg.com/wp-content/uploads/nike-kyrie-low-2-av6337-003-2.jpg\" /> <img alt=\"\" src=\"https://hnbmg.com/wp-content/uploads/nike-kyrie-low-2-av6337-003-5.jpg\" /></p>\r\n\r\n<p>Theo th&ocirc;ng tin ph&aacute;t h&agrave;nh ch&iacute;nh thức, Nike Kyrie Low 2 &ldquo;Black/Metallic&rdquo; sẽ mở b&aacute;n v&agrave;o ng&agrave;y 01.10.2019 tại c&aacute;c cửa h&agrave;ng b&aacute;n lẻ của Nike Basketball.</p>\r\n', 'Nike-kyrie-low-2.jpg', '2020-05-04', 'Kim Jong-hyun'),
(4, 'Sắp ra mắt Adidas ZX 8000 “Lethal Nights” trên thị trường Việt', 'Sau khi hoàn thành diện mạo với phong cách retro dựa trên bản gốc “Aqua”, adidas ZX 8000 tiếp tục được chú ý khi tung ra tin tức rằng sẽ sớm mang đến một bóng hình rắn rỏi độc lạ...', '<p>Sau khi ho&agrave;n th&agrave;nh diện mạo với phong c&aacute;ch retro dựa tr&ecirc;n bản gốc &ldquo;Aqua&rdquo;, adidas ZX 8000 tiếp tục được ch&uacute; &yacute; khi tung ra tin tức rằng sẽ sớm mang đến một b&oacute;ng h&igrave;nh rắn rỏi độc lạ v&agrave; cũng l&agrave; một phần của bộ sưu tập &ldquo;Lethal Nights&rdquo; c&ugrave;ng t&ecirc;n ...</p>\r\n\r\n<p>Mặc d&ugrave; hầu hết c&aacute;c chi tiết về bộ sưu tập n&agrave;y vẫn chưa được biết, nhưng những người ủng hộ dự đo&aacute;n rằng diện mạo của c&aacute;c mẫu adidas cho retro runner n&agrave;y sẽ l&agrave; c&aacute;c phối m&agrave;u v&agrave; họa tiết lấy cảm hứng từ những sinh vật chết người c&oacute; thể gặp phải từ cuộc sống thường ng&agrave;y.</p>\r\n\r\n<p><img alt=\"adidas ZX 8000\" src=\"https://i2.wp.com/snkrvn.com/wp-content/uploads/2020/01/adidas-ZX-8000-“Lethal-Nights”-1.jpg?resize=740%2C520&amp;ssl=1\" /></p>\r\n\r\n<p>Lựa chọn một bảng m&agrave;u n&acirc;u v&agrave; kem, thiết kế da rắn ch&acirc;n thật c&ugrave;ng một chiếc đế trắng trơn tương phản, tổng thể đ&ocirc;i sneaker n&agrave;y tạo cảm gi&aacute;c d&ugrave; l&agrave;m từ chất liệu kh&aacute; sang chảnh nhưng vẫn mang n&eacute;t năng động trẻ trung. Ở những nơi kh&aacute;c tr&ecirc;n gi&agrave;y, adidas cũng tinh tế l&ograve;ng nhưng miếng da trắng tinh tươm để l&agrave;m nổi bật đ&ocirc;i gi&agrave;y, đặc biệt l&agrave; dấu ấn thương hiệu &ldquo;ba sọc&rdquo; huyền thoại.</p>\r\n\r\n<p>Để th&ecirc;m phần đặc sắc, &ldquo;Lethal Nights&rdquo; phi&ecirc;n bản đặc biệt n&agrave;y xuất hiện c&aacute;c chi tiết 3M phản quang ở đế midsole b&agrave;n ch&acirc;n trước v&agrave; g&oacute;t ch&acirc;n. Ngo&agrave;i tag in d&ograve;ng chữ adidas lu&ocirc;n được đặt ở phần lưỡi g&agrave; th&igrave; phi&ecirc;n bản n&agrave;y được nhấn nh&aacute; một lace tag xanh l&aacute; mang t&ecirc;n d&ograve;ng sneaker &ldquo;Torsion&rdquo;</p>\r\n\r\n<p><em>H&igrave;nh ảnh chi tiết của đ&ocirc;i adidas ZX 8000 &ldquo;Lethal Nights&rdquo;:</em></p>\r\n\r\n<p><img alt=\"adidas ZX 8000\" src=\"https://i2.wp.com/snkrvn.com/wp-content/uploads/2020/01/adidas-ZX-8000-“Lethal-Nights”.jpg?resize=740%2C520&amp;ssl=1\" /> <img alt=\"adidas ZX 8000\" src=\"https://i1.wp.com/snkrvn.com/wp-content/uploads/2020/01/adidas-ZX-8000-“Lethal-Nights”-2.jpg?resize=740%2C520&amp;ssl=1\" /> <img alt=\"adidas ZX 8000\" src=\"https://i1.wp.com/snkrvn.com/wp-content/uploads/2020/01/adidas-ZX-8000-“Lethal-Nights”-3.jpg?resize=740%2C520&amp;ssl=1\" /> <img alt=\"adidas ZX 8000\" src=\"https://i1.wp.com/snkrvn.com/wp-content/uploads/2020/01/adidas-ZX-8000-“Lethal-Nights”-4.jpg?resize=740%2C740&amp;ssl=1\" /> <img alt=\"adidas ZX 8000\" src=\"https://i1.wp.com/snkrvn.com/wp-content/uploads/2020/01/adidas-ZX-8000-“Lethal-Nights”-5.jpg?resize=740%2C740&amp;ssl=1\" /></p>\r\n\r\n<p>Mẫu sneaker da rắn n&agrave;y c&oacute; thể sẽ được đặt tr&ecirc;n kệ c&aacute;c cửa h&agrave;ng b&aacute;n lẻ của <a href=\"#\">adidas</a> v&agrave;o ng&agrave;y 06 th&aacute;ng 02 với gi&aacute; dao động trong khoảng &euro;139.95. Một sự kết hợp giữa hiện đại v&agrave; retro c&oacute; thể gi&uacute;p bạn đẩy style của m&igrave;nh l&ecirc;n một tầm cao &ldquo;sang chảnh&rdquo; mới l&agrave; đ&acirc;y.</p>\r\n', 'Adidas-ZX-8000.jpg', '2020-05-04', 'Kim Jong-hyun'),
(5, 'Sắp ra mắt Air Max 270 React trên thị trường Việt ', 'Mặc dù Nike và Travis Scott sẽ sớm mở ra một diện mạo mới cho Air Max 270 React, nhưng chắc chắn một điều rằng Swoosh sẽ không bỏ quên những phối màu đặc biệt...', '<p>Mặc d&ugrave; Nike v&agrave; Travis Scott sẽ sớm mở ra một diện mạo mới cho Air Max 270 React, nhưng chắc chắn một điều rằng Swoosh sẽ kh&ocirc;ng bỏ qu&ecirc;n những phối m&agrave;u đặc biệt d&agrave;nh cho ph&aacute;i đẹp thế giới trong năm 2020. V&agrave; tiếp nối phi&ecirc;n bản Travis Scott, Air Max 270 React chuẩn bị x&acirc;y dựng một h&igrave;nh ảnh nữ t&iacute;nh với phối m&agrave;u Mauve dự đo&aacute;n xuất hiện trong bộ sưu tập năm mới 2020 ở Beaverton.</p>\r\n\r\n<p><img alt=\"Air Max 270 React\" src=\"https://i1.wp.com/snkrvn.com/wp-content/uploads/2020/01/Air-Max-270-React.jpg?resize=740%2C520&amp;ssl=1\" /></p>\r\n\r\n<p>Ch&acirc;n dung đ&ocirc;i &ldquo;chunky&rdquo; tiếp tục xuất hiện với phối m&agrave;u ấn tượng được đ&aacute;nh gi&aacute; giống phi&ecirc;n bản &ldquo;Plum Chalk&rdquo;. Được xem l&agrave; phi&ecirc;n bản &ldquo;Year Of The Rat&rdquo;, đ&ocirc;i sneaker sắp ra mắt n&agrave;y chọn một bảng m&agrave;u nhẹ nh&agrave;ng tựa như một buổi chiều ho&agrave;ng h&ocirc;n Cali với c&aacute;c tone m&agrave;u t&iacute;m c&agrave;, x&aacute;m, hồng pastel v&agrave; m&agrave;u &ldquo;da r&aacute;m nắng&rdquo;. Bởi vậy m&agrave; hỗn hợp m&agrave;u sắc n&agrave;y chắc chắn sẽ l&agrave; sự lựa chọn ho&agrave;n hảo của c&aacute;c bạn g&aacute;i trong m&ugrave;a xu&acirc;n n&agrave;y.</p>\r\n\r\n<p>T&ocirc;ng m&agrave;u tối nhất l&agrave; một m&agrave;u x&aacute;m cố định ở mũi gi&agrave;y, ren bảo vệ, cũng như tab g&oacute;t. C&aacute;c tấm da lộn đủ m&agrave;u sắc đan xen nhau xuất hiện ho&agrave; hợp tạo ra một c&aacute;i nh&igrave;n tinh xảo, dấu Swoosh trắng tương phản nổi bật. Ở b&ecirc;n dưới, đế giữa midsole REACT được sử dụng c&ocirc;ng nghệ Air như nguy&ecirc;n bản c&oacute; t&ocirc;ng m&agrave;u hồng trong suốt h&agrave;i ho&agrave; với tổng thể.</p>\r\n\r\n<p><em>C&aacute;c h&igrave;nh ảnh chi tiết của Air Max 270 React &ldquo;Mauve&rdquo;:</em></p>\r\n\r\n<p><img alt=\"Air Max 270 React\" src=\"https://i1.wp.com/snkrvn.com/wp-content/uploads/2020/01/Air-Max-270-React-1.jpg?resize=740%2C520&amp;ssl=1\" /> <img alt=\"Air Max 270 React\" src=\"https://i1.wp.com/snkrvn.com/wp-content/uploads/2020/01/Air-Max-270-React-2.jpg?resize=740%2C520&amp;ssl=1\" /> <img alt=\"Air Max 270 React\" src=\"https://i0.wp.com/snkrvn.com/wp-content/uploads/2020/01/Air-Max-270-React-3.jpg?resize=740%2C740&amp;ssl=1\" /> <img alt=\"Air Max 270 React\" src=\"https://i0.wp.com/snkrvn.com/wp-content/uploads/2020/01/Air-Max-270-React-4.jpg?resize=740%2C519&amp;ssl=1\" /> <img alt=\"Air Max 270 React\" src=\"https://i0.wp.com/snkrvn.com/wp-content/uploads/2020/01/Air-Max-270-React-5.jpg?resize=740%2C519&amp;ssl=1\" /></p>\r\n\r\n<p>Đ&ocirc;i Air Max 270 React &ldquo;Mauve&rdquo; chắc chắn sẽ được đặt l&ecirc;n kệ trong m&ugrave;a xu&acirc;n năm nay tại&nbsp; <a href=\"http://project.com\">project.com</a> tuy nhi&ecirc;n vẫn chưa c&oacute; th&ocirc;ng b&aacute;o ch&iacute;nh thức n&agrave;o về gi&aacute; tiền cũng như thời gian chi tiết. C&oacute; thể thấy BST Xu&acirc;n-H&egrave; của c&aacute;c bạn sneakerheads kh&ocirc;ng n&ecirc;n thiếu phối m&agrave;u xinh xắn n&agrave;y.</p>\r\n', 'Air-Max-270-React.jpg', '2020-05-04', 'Kim Jong-hyun'),
(6, 'Giày có cánh của Nike Air Max 90 xuất hiện phiên bản vàng sang trọng', 'Nike Air Max 90 FlyEase Gold là phiên bản phá cách nhất từ trước đến nay nhằm chào mừng sinh nhật lần thứ 30 của dòng Airmax 90...', '<p>&nbsp;</p>\r\n\r\n<p>Nike Air Max 90 FlyEase l&agrave; phi&ecirc;n bản ph&aacute; c&aacute;ch nhất từ trước đến nay nhằm ch&agrave;o mừng sinh nhật lần thứ 30 của d&ograve;ng Airmax 90.</p>\r\n\r\n<p><br />\r\n<img alt=\"Nike Air Max 90 Gold\" src=\"https://media.thethao247.vn/upload/thanhtung/2020/03/12/the-thao-247-nike-air-max-90-flyease-white-gold-1.jpg\" /></p>\r\n\r\n<p>&nbsp;</p>\r\n\r\n<p>Với đ&ocirc;i c&aacute;nh c&oacute; thể lật l&ecirc;n hoặc hạ xuống theo &yacute; muốn, Nike Air Max 90 FlyEase rất được giới chơi gi&agrave;y chờ đ&oacute;n.</p>\r\n\r\n<p><br />\r\n<img alt=\"Nike Air Max 90 Gold\" src=\"https://media.thethao247.vn/upload/thanhtung/2020/03/12/the-thao-247-nike-air-max-90-flyease-white-gold-3.jpg\" /></p>\r\n\r\n<p>&nbsp;</p>\r\n\r\n<p>&nbsp;</p>\r\n\r\n<p>Như để tiếp sức th&ecirc;m cho sự hấp dẫn v&agrave; tăng th&ecirc;m lựa chọn cho người d&ugrave;ng, mới đ&acirc;y Nike lại tiếp tục tung ra một phi&ecirc;n bản nữa ngo&agrave;i phi&ecirc;n bản m&agrave;u xanh - hồng - trắng ti&ecirc;u chuẩn.</p>\r\n\r\n<p><br />\r\n<img alt=\"Nike Air Max 90 Gold\" src=\"https://media.thethao247.vn/upload/thanhtung/2020/03/12/the-thao-247-nike-air-max-90-flyease-white-gold-2.jpg\" /></p>\r\n\r\n<p>&nbsp;</p>\r\n\r\n<p>&nbsp;</p>\r\n\r\n<p>Theo đ&oacute;, đ&ocirc;i Nike Air Max 90 FlyEase mới cũng c&oacute; th&acirc;n bằng vải lưới v&agrave; da lộn trắng. Nhưng c&aacute;c chi tiết điểm nhấn gồm logo Nike, c&aacute;c miếng nhựa giữ d&acirc;y tr&ecirc;n th&acirc;n v&agrave; viền c&aacute;nh ở đằng sau được nhuộm với m&agrave;u v&agrave;ng Metalic nổi bật.</p>\r\n\r\n<p><br />\r\n<img alt=\"Nike Air Max 90 Gold\" src=\"https://media.thethao247.vn/upload/thanhtung/2020/03/12/the-thao-247-nike-air-max-90-flyease-white-gold-4.jpg\" /></p>\r\n\r\n<p>&nbsp;</p>\r\n\r\n<p>&nbsp;</p>\r\n\r\n<p>B&ecirc;n trong gi&agrave;y l&agrave; miếng l&oacute;t m&agrave;u đen với họa tiệt rắn hổ mang tiết lộ &yacute; nghĩa của đ&ocirc;i gi&agrave;y hướng đến chủ đề về Ai Cập cổ đại giống như những chiếc mũ c&oacute; v&agrave;nh của c&aacute;c vị Pharaoh.</p>\r\n\r\n<p><br />\r\n<img alt=\"Nike Air Max 90 Gold\" src=\"https://media.thethao247.vn/upload/thanhtung/2020/03/12/the-thao-247-nike-air-max-90-flyease-white-gold-5.jpg\" /></p>\r\n\r\n<p>&nbsp;</p>\r\n\r\n<p>&nbsp;</p>\r\n\r\n<p>Theo th&ocirc;ng tin từ Nike, Nike Air Max 90 FlyEase đ&atilde; sẵn s&agrave;ng tr&ecirc;n kệ v&agrave; c&oacute; gi&aacute; b&aacute;n từ 149 USD tương đương 3,45 triệu đồng.</p>\r\n\r\n<p>&nbsp;</p>\r\n\r\n<p>&nbsp;</p>\r\n\r\n<p>&nbsp;</p>\r\n\r\n<p>&nbsp;</p>\r\n', 'Nike-Air-Max-90-Gold.jpg', '2020-05-04', 'Kim Jong-hyun'),
(7, 'Nike Air Max 90 FlyEase lật cánh có thêm màu trắng hấp dẫn ', 'Nike Air Max 90 FlyEase từng gây sốt khi xuất hiện với bộ cánh có thể lật lên lật xuống. Bên cạnh hai phiên bản FlyEase xanh trắng và FlyEase vàng kim loại...\r\n\r\n', '<p>&nbsp;</p>\r\n\r\n<p>Nike Air Max 90 FlyEase từng g&acirc;y sốt khi xuất hiện với bộ c&aacute;nh c&oacute; thể lật l&ecirc;n lật xuống. B&ecirc;n cạnh hai phi&ecirc;n bản FlyEase xanh trắng v&agrave; FlyEase v&agrave;ng kim loại ra mắt nh&acirc;n dịp kỷ niệm 30 năm d&ograve;ng Air Max ra đời, mới đ&acirc;y Nike tiếp tục giới thiệu th&ecirc;m một phi&ecirc;n bản nữa được gọi l&agrave; Triple White.</p>\r\n\r\n<p><br />\r\n<img alt=\"Nike Air Max 90\" src=\"https://media.thethao247.vn/upload/thanhtung/2020/04/13/nike-airmax-90-flyease-triple-white-1.jpg\" /></p>\r\n\r\n<p>&nbsp;</p>\r\n\r\n<p>Phi&ecirc;n bản mới được tạo ra với phần th&acirc;n bằng da trắng nhẹ nh&agrave;ng. Tiếp đến c&aacute;c nh&agrave; thiết kế đ&atilde; kh&eacute;o l&eacute;o tạo điểm nhấn ở cổ v&agrave; mũi gi&agrave;y bằng c&aacute;c chi tiết m&agrave;u xanh băng nhẹ nh&agrave;ng.</p>\r\n\r\n<p><br />\r\n<img alt=\"Nike Air Max 90\" src=\"https://media.thethao247.vn/upload/thanhtung/2020/04/13/nike-airmax-90-flyease-triple-white-2.jpg\" /></p>\r\n\r\n<p>&nbsp;</p>\r\n\r\n<p>&nbsp;</p>\r\n\r\n<p>Trong khi đ&oacute;, những dấu hiệu của Nike như logo, biểu tượng đều l&agrave; m&agrave;u trắng v&agrave; gần như t&agrave;ng h&igrave;nh tr&ecirc;n tấm th&acirc;n gi&agrave;y trắng.</p>\r\n\r\n<p><br />\r\n<img alt=\"Nike Air Max 90\" src=\"https://media.thethao247.vn/upload/thanhtung/2020/04/13/nike-airmax-90-flyease-triple-white-3.jpg\" /></p>\r\n\r\n<p>&nbsp;</p>\r\n\r\n<p>&nbsp;</p>\r\n\r\n<p>Cổ gi&agrave;y ph&iacute;a sau với khả năng lật l&ecirc;n xuống cũng được thể hiện với m&agrave;u trắng. Sở dĩ, đ&ocirc;i Nike Air Max 90 FlyEase được gọi l&agrave; Triple White c&oacute; thể l&agrave; do c&oacute; đến 3 dạng m&agrave;u trắng kh&aacute;c nhau xuất hiện.</p>\r\n\r\n<p><br />\r\n<img alt=\"Nike Air Max 90\" src=\"https://media.thethao247.vn/upload/thanhtung/2020/04/13/nike-airmax-90-flyease-triple-white-4.jpg\" /></p>\r\n\r\n<p>&nbsp;</p>\r\n\r\n<p>&nbsp;</p>\r\n\r\n<p>Đ&oacute; l&agrave; m&agrave;u trắng ng&agrave; của lớp da, m&agrave;u trắng b&oacute;ng của c&aacute;c chi tiết trang tr&iacute; bằng nhựa v&agrave; m&agrave;u trắng b&oacute;ng của phần c&aacute;nh lật.</p>\r\n\r\n<p><br />\r\n<img alt=\"Nike Air Max 90\" src=\"https://media.thethao247.vn/upload/thanhtung/2020/04/13/nike-airmax-90-flyease-triple-white-7.jpg\" /></p>\r\n\r\n<p>&nbsp;</p>\r\n\r\n<p>&nbsp;</p>\r\n\r\n<p>Dự kiến, phi&ecirc;n bản Nike Air Max 90 FlyEase &quot;Triple White&quot; sẽ được b&aacute;n với gi&aacute; từ 120 USD tương đương 2,8 triệu đồng.</p>\r\n\r\n<p>&nbsp;</p>\r\n\r\n<p>&nbsp;</p>\r\n', 'Nike-Air-Max-90.jpg', '2020-05-04', 'Kim Jong-hyun');

--
-- Chỉ mục cho các bảng đã đổ
--

--
-- Chỉ mục cho bảng `admin`
--
ALTER TABLE `admin`
  ADD PRIMARY KEY (`ma_admin`),
  ADD UNIQUE KEY `tai_khoan` (`tai_khoan`);

--
-- Chỉ mục cho bảng `banner`
--
ALTER TABLE `banner`
  ADD PRIMARY KEY (`ma_anh_bia`);

--
-- Chỉ mục cho bảng `danh_muc`
--
ALTER TABLE `danh_muc`
  ADD PRIMARY KEY (`ma_danh_muc`);

--
-- Chỉ mục cho bảng `hang`
--
ALTER TABLE `hang`
  ADD PRIMARY KEY (`ma_hang`);

--
-- Chỉ mục cho bảng `hoa_don`
--
ALTER TABLE `hoa_don`
  ADD PRIMARY KEY (`ma_hoa_don`),
  ADD KEY `ma_khach_hang` (`ma_khach_hang`);

--
-- Chỉ mục cho bảng `hoa_don_chi_tiet`
--
ALTER TABLE `hoa_don_chi_tiet`
  ADD PRIMARY KEY (`ma_hoa_don`,`ma_san_pham`),
  ADD KEY `ma_san_pham` (`ma_san_pham`);

--
-- Chỉ mục cho bảng `khach_hang`
--
ALTER TABLE `khach_hang`
  ADD PRIMARY KEY (`ma_khach_hang`),
  ADD UNIQUE KEY `ten_tai_khoan` (`ten_tai_khoan`);

--
-- Chỉ mục cho bảng `loai_san_pham`
--
ALTER TABLE `loai_san_pham`
  ADD PRIMARY KEY (`ma_loai_san_pham`);

--
-- Chỉ mục cho bảng `san_pham`
--
ALTER TABLE `san_pham`
  ADD PRIMARY KEY (`ma_san_pham`),
  ADD KEY `ma_size` (`ma_size`),
  ADD KEY `ma_hang` (`ma_hang`),
  ADD KEY `ma_loai_san_pham` (`ma_loai_san_pham`),
  ADD KEY `ma_danh_muc` (`ma_danh_muc`);

--
-- Chỉ mục cho bảng `size`
--
ALTER TABLE `size`
  ADD PRIMARY KEY (`ma_size`);

--
-- Chỉ mục cho bảng `tin_tuc`
--
ALTER TABLE `tin_tuc`
  ADD PRIMARY KEY (`ma_tin_tuc`);

--
-- AUTO_INCREMENT cho các bảng đã đổ
--

--
-- AUTO_INCREMENT cho bảng `admin`
--
ALTER TABLE `admin`
  MODIFY `ma_admin` int(11) NOT NULL AUTO_INCREMENT, AUTO_INCREMENT=2;

--
-- AUTO_INCREMENT cho bảng `banner`
--
ALTER TABLE `banner`
  MODIFY `ma_anh_bia` int(11) NOT NULL AUTO_INCREMENT, AUTO_INCREMENT=8;

--
-- AUTO_INCREMENT cho bảng `danh_muc`
--
ALTER TABLE `danh_muc`
  MODIFY `ma_danh_muc` int(11) NOT NULL AUTO_INCREMENT, AUTO_INCREMENT=3;

--
-- AUTO_INCREMENT cho bảng `hang`
--
ALTER TABLE `hang`
  MODIFY `ma_hang` int(11) NOT NULL AUTO_INCREMENT, AUTO_INCREMENT=7;

--
-- AUTO_INCREMENT cho bảng `hoa_don`
--
ALTER TABLE `hoa_don`
  MODIFY `ma_hoa_don` int(11) NOT NULL AUTO_INCREMENT, AUTO_INCREMENT=3;

--
-- AUTO_INCREMENT cho bảng `khach_hang`
--
ALTER TABLE `khach_hang`
  MODIFY `ma_khach_hang` int(11) NOT NULL AUTO_INCREMENT, AUTO_INCREMENT=3;

--
-- AUTO_INCREMENT cho bảng `loai_san_pham`
--
ALTER TABLE `loai_san_pham`
  MODIFY `ma_loai_san_pham` int(11) NOT NULL AUTO_INCREMENT, AUTO_INCREMENT=16;

--
-- AUTO_INCREMENT cho bảng `san_pham`
--
ALTER TABLE `san_pham`
  MODIFY `ma_san_pham` int(11) NOT NULL AUTO_INCREMENT, AUTO_INCREMENT=94;

--
-- AUTO_INCREMENT cho bảng `size`
--
ALTER TABLE `size`
  MODIFY `ma_size` int(11) NOT NULL AUTO_INCREMENT, AUTO_INCREMENT=13;

--
-- AUTO_INCREMENT cho bảng `tin_tuc`
--
ALTER TABLE `tin_tuc`
  MODIFY `ma_tin_tuc` int(11) NOT NULL AUTO_INCREMENT, AUTO_INCREMENT=30;

--
-- Các ràng buộc cho các bảng đã đổ
--

--
-- Các ràng buộc cho bảng `hoa_don`
--
ALTER TABLE `hoa_don`
  ADD CONSTRAINT `hoa_don_ibfk_1` FOREIGN KEY (`ma_khach_hang`) REFERENCES `khach_hang` (`ma_khach_hang`);

--
-- Các ràng buộc cho bảng `hoa_don_chi_tiet`
--
ALTER TABLE `hoa_don_chi_tiet`
  ADD CONSTRAINT `hoa_don_chi_tiet_ibfk_1` FOREIGN KEY (`ma_hoa_don`) REFERENCES `hoa_don` (`ma_hoa_don`),
  ADD CONSTRAINT `hoa_don_chi_tiet_ibfk_2` FOREIGN KEY (`ma_san_pham`) REFERENCES `san_pham` (`ma_san_pham`);

--
-- Các ràng buộc cho bảng `san_pham`
--
ALTER TABLE `san_pham`
  ADD CONSTRAINT `san_pham_ibfk_1` FOREIGN KEY (`ma_size`) REFERENCES `size` (`ma_size`),
  ADD CONSTRAINT `san_pham_ibfk_2` FOREIGN KEY (`ma_hang`) REFERENCES `hang` (`ma_hang`),
  ADD CONSTRAINT `san_pham_ibfk_3` FOREIGN KEY (`ma_loai_san_pham`) REFERENCES `loai_san_pham` (`ma_loai_san_pham`),
  ADD CONSTRAINT `san_pham_ibfk_4` FOREIGN KEY (`ma_danh_muc`) REFERENCES `danh_muc` (`ma_danh_muc`);
COMMIT;

/*!40101 SET CHARACTER_SET_CLIENT=@OLD_CHARACTER_SET_CLIENT */;
/*!40101 SET CHARACTER_SET_RESULTS=@OLD_CHARACTER_SET_RESULTS */;
/*!40101 SET COLLATION_CONNECTION=@OLD_COLLATION_CONNECTION */;
